uid,body,title,url,newspaper_uid,host,n_tokens_body,n_tokens_title
b59b71d726c229c46e1b33cf88ac8140,"Existen muchos restaurantes exclusivos alrededor del mundo, los cuales se encuentran considerados dentro de los mejores, ya sea por la trayectoria y los platillos de los chefs encargados de elaborarlos, por la experiencia única que estos te ofrecen, por la tecnología con la que cuentan, por su ubicación o por su arquitectura y diseño; sin embargo el restaurante español Sublimotion ubicado en la paradisiaca ciudad de Ibiza cumple con todas estas y más. El chef español Paco Roncero, uno de los máximos representantes de la vanguardia culinaria en España y Europa, decidió en el 2014 poner en marcha su más ambicioso y nuevo proyecto Sublimotion, un restaurante que además de comida con lo mejores ingredientes que se pueden encontrar ofrece una mezcla de tecnología, alta gastronomía y un espectáculo gastronómico único.  El restaurante más caro del mundo    Ubicado en la playa de Sant Jordi de Ses Salines, al sur de la isla mediterránea de Ibiza, este restaurante se encuentra dentro del complejo turístico Hard Rock Hotel Ibiza, uno de la cadena de hoteles más emblemática de los Estados Unidos y que cuenta con más de 30 hoteles en más de 15 países al rededor del mundo. ""Quizá que alguien de la prensa dijera el primer año que éramos el restaurante más caro del mundo nos vino bien, porque la gente, para lo bueno y para lo malo, quiere saber. Y fue bien, porque de todas las partes del mundo querían saber qué era Sublimotion y por qué era tan caro. Siempre vamos a cocinar con la mejor materia prima para conseguir platos excelentes, sutiles, llenos de gusto y, por supuesto, de gran belleza y que se adapten a la escena que proponemos"", explica Paco RonceroSublimotion que tiene un menú de 1,650 euros por persona, según comentan los socios fundadores Paco Roncero y Eduardo Gonzáles, no es el restaurante más caro del mundo sino el más costoso, también dicen que es que es el más tecnológico y probablemente el más vanguardista, porque las posibilidades de lo que ocurre alrededor de una mesa son muy amplias por eso es que tiene un precio tan alto porque se ofrece algo que no se puede hacer para un gran público. La experiencia Sublimotion    Sublimotion nació como un concepto dentro del Taller de investigación del chef Paco Roncero ahí fue dónde se asoció con Eduardo Gonzáles, director creativo de Sublimotion y en el año 2014 abrieron sus puertas por primera vez en Ibiza, gracias al intenso trabajo entre cocineros, diseñadores, ingenieros, ilusionistas, escenógrafos, arquitectos, coreógrafos, músicos y guionistas consiguieron fusionar la alta gastronomía y la tecnología más vanguardista, para ofrecer una puesta en escena sin precedentes, convirtiéndolos en el primer espectáculo gastronómico del mundo.Sublimotion es un espectáculo multisensorial, diferente a todo lo que el comensal haya vivido antes. En definitiva, es una experiencia que solo se entiende al vivirla en primera persona. Una experiencia que se vive con los cinco sentidos, explica Eduardo Gonzáles, socio fundador y director creativo de Sublimotion.En su espacio de 300 m2 construidos en una parcela de 2.000 m2 ofrecen una experiencia única en su tipo para 12 comensales por noche, la cual consta de tres horas de duración dividida en diferentes temáticas.Entrada Champán Océano Huerto Chaplin/Japón Lentes de realidad virtual Orient ExpressCabarte/Stork ClubAerolíneasCircusland/México Infierno PostreLos platos varían dependiendo de la experiencia y los ingredientes de temporada sin embargo algunos de sus platos emblemáticos son sus Niguiris de camarón, navaja y pulpo, el Vichyssoise de almendras y cigalas; Huevos, caviar y plumas de patata, firmado por Elena Arzak, Foie asado con curri de espinacas o Lenguado con mantequilla negra, con un total de 41 platillos este restaurante cuenta con participaciones especiales de los los chefs y también poseedores de 2 estrella Michelin cada uno, Toño Perez, Dani garcia y Diego Guerrero, además de tener a la condecorada chef de repostería Janice Wong dentro de su equipo de trabajo. ¿Quién es Paco Roncero?Poseedor de 2 estrellas Michelin y autor de Correr cocinar y ser feliz, el chef Roncero, es chef ejecutivo de 8 restaurantes alrededor del mundo como el NH Collection Casino de Madrid, Estado Puro en Shangai y Madrid, Pata Negra en Cartagena de Indias y Versión Original en Bogotá, Colombia; estudió gastronomía en la Escuela de Hostelería y Turismo de Madrid y comenzó sus prácticas profesionales en Zalacaín, uno de los restaurantes más lujosos y elegantes de Madrid para terminar su formación en el Hotel Ritz de esta misma ciudad. En el 2005 Obtuvo el Premio Chef L’Avenir y también fue galardonado con el Premio Nacional de Gastronomía 2006, además de contar con dos Estrellas Michelin y Tres Soles Repsol; gracias a esto a sido jurado en programas gastronómicos como Master Chef Colombia y en Top Chef España, además de ser autor de varios libros de cocina como Tapas y Gastronomía del S.XXI, Bocadillos y Ensaladas, Tapas en Estado Puro y Correr, Cocinar y Ser Feliz. Fotos |  Hard Rock Hotel | Sublimotion |Fuentes | Sublimotion |    Compartir               Sublimotion: el restaurante de Paco Roncero donde alta gastronomía y tecnología se fusionan en una experiencia sensorial única         FacebookTwitterFlipboardE-mailTemasNoticias y eventosChefsRestaurantesChefrestaurantesMundoIbizaPlatosChefs InternacionalesChefs",         Sublimotion: el restaurante de Paco Roncero donde alta gastronomía y tecnología se fusionan en una experiencia sensorial única   ,https://www.directoalpaladar.com.mx/restaurantes/sublimotion-restaurante-paco-roncero-donde-alta-gastronomia-tecnologia-se-fusionan-experiencia-sensorial-unica?utm_source=xatakamexico&utm_medium=network&utm_campaign=repost,./files/xakata,www.directoalpaladar.com.mx,443,11
0a43d0464aeef71baa2003d08bc4f7e6,"Los cierres económicos absolutos no volverán a repetirse, así como tampoco volverá a suspenderse clases de forma definitiva a nivel nacional, incluso aunque los contagios aumentasen. EL propio subsecretario de prevención y promoción de la salud, Hugo López-Gatell, lo confirmó en conferencia cuando habló de la nueva metodología del semáforo epidemiológico de COVID-19 que ahora privilegiará la tasa de reproducción de casos, el número de hospitalizaciones y el número de defunciones. ""Incluso en el color más alto de la escala (de la nueva metodología propuesta del semáforo de COVID-19) ya no implica cierres absolutos, y hay actividades públicas, en particular la educación, que no serán sujetas a cierre en el mismo contexto en que fueron consideradas las actividades económicas esenciales cuando el confinamiento fue severo"". Hugo López-GatellEl propio subsecretario dijo que la muestra está en Quintana Roo, donde a pesar del repunte de casos no se han cerrado actividades. ""No debe extrañar que haya espacios públicos que permanezcan abiertos aun cuando haya crecimiento de la epidemia"", dijo.      La semana pasada fue presentado el proyecto de modificaciones a la metodología del semáforo de COVID-19 en México, mientras un rebrote causó más contagios que en la peor semana de la primera ola, en julio de 2020. Previamente se anunció que esta semana se anunciaría el plan definitivo para regreso a clases en agosto pero no se ha vuelto a mencionar por ahora. El nuevo semáforo nacional que comenzó a aplicar el 19 de julio no fue presentado por Secretaría de Salud. Los pocos cambios que hubo fueron notificados directamente a los estados, y así es como nos enteramos de que Sinaloa volvió al semáforo rojo, mientras que Edomex, Michoacán, San Luis Potosí, Oaxaca y Guerrero retrocedieron de verde a amarillo.     Compartir               En el nuevo semáforo de COVID no volverá a haber cierres aunque aumenten los casos en México: Secretaría de Salud         FacebookTwitterFlipboardE-mailTemasMedicina y SaludCoronavirusCoronavirus en México",         En el nuevo semáforo de COVID no volverá a haber cierres aunque aumenten los casos en México: Secretaría de Salud   ,https://www.xataka.com.mx/medicina-y-salud/nuevo-semaforo-covid-no-volvera-a-haber-cierres-aumenten-casos-mexico-secretaria-salud,./files/xakata,www.xataka.com.mx,161,12
b6ffed2bebded48d3cdc40905cfcc8da,"Durante los últimos meses hemos publicado varios modelos de audífonos Skullcandy en Xataka Selección, más recientemente fueron los Jin True, los cuales aún se pueden conseguir a muy buen precio.En esta ocasión se trata de un modelo que aún no se comercializa en México. Son los Skullcandy Dime, que como podemos ver en su sitio oficial, tienen un precio de 25 dólares (poco más de 500 pesos), pero en estos momentos podemos conseguirlos en Amazon México por 421 pesos. Skullcandy Dime - Audífonos inalámbricosPVP en Amazon México $421.47PVP en Mercado Libre $849.00Estos son importados desde Amazon Estados Unidos, contando con los beneficios de Amazon Prime. Es decir, quienes paguen esta membresía, pueden disfrutar de envío gratis y un tiempo de entrega estimado entre los seis y nueve días desde que son enviados.La única tienda en México donde también los encontramos a la venta fue en Mercado Libre, pero una de las opciones más baratas que encontramos prácticamente cuestan el doble. En Amazon usualmente están entre los 530 y 550 pesos. Estos son los colores disponibles.NegroGrisGris con azulGris con verde    Los Skullcandy Dime cuentan con un micrófono para poder contestar llamadas y también tienen controles de reproducción y volumen para la música, pero también sirven para contestar o colgar. Se puede usar solo un audífono de manera independiente.Tienen protección IPX4, lo que los hace resistentes al agua y sudor y así poder hacer actividades deportivas o ejercicio sin problema. De acuerdo a la marca, la batería dura unas 3,5 horas, mientras que las cargas del estuche nos dan otras 8.5 horas, lo que nos suma un total de 12 horas.        En Xataka México Selección publicamos las mejores ofertas en tecnología, videojuegos, coleccionables y demás categorías que estén en descuento en distintas tiendas en línea de México. El precio y disponibilidad del producto están sujetos a cambios sin previo aviso.    Algunos de los enlaces de esta publicación pueden pertenecer a un programa de afiliados. Ninguno de los artículos mencionados han sido propuestos ni por las marcas ni por las tiendas, siendo su introducción una decisión única del equipo de editores.     Compartir               Skullcandy Dime, con 12 horas de batería, resistencia al agua, sudor y micrófono para llamadas por 421 pesos en Amazon México         FacebookTwitterFlipboardE-mailTemasAudioSelecciónDescuentoOfertasAudifonos InalámbricosaudífonosAmazon México","         Skullcandy Dime, con 12 horas de batería, resistencia al agua, sudor y micrófono para llamadas por 421 pesos en Amazon México   ",https://www.xataka.com.mx/seleccion/skullcandy-dime-12-horas-bateria-resistencia-al-agua-sudor-microfono-para-llamadas-421-pesos-amazon-mexico,./files/xakata,www.xataka.com.mx,187,12
39e41d556f2eaebaeaffa5859ee8fb12,"La fecha ha llegado: Jeff Bezos viajará al espacio este martes 20 de julio. Será el primer viaje tripulado de su compañía Blue Origin a bordo del cohete New Shepard, y marcará el inicio de la carrera del turismo espacial -- en la cual Richard Branson y Virgin Galactic llevan la delantera.Tal y como ya se había adelantado, Jeff Bezos viajará al espacio, acompañado de su hermano Mark Bezos, la piloto Wally Funk de 82 años, y Oliver Daemen, estudiante neerlandés de 18 años que tomará el lugar del ganador de la subasta por un asiento en el viaje.  A qué hora será el vuelo de Jeff Bezos y Blue Origin al espacioEl despegue del cohete New Shepard está programado para las 8:00 AM (hora del centro de México) del martes 20 de julio, desde las instalaciones de Blue Origin en Van Horn, una ciudad en el desierto de Texas. El cohete subirá hasta la orilla del espacio, justo por encima de la Línea de Kármán a 100 kilómetros sobre el nivel del mar, ahí la cápsula se desprenderá para dejar a la tripulación unos minutos en gravedad cero y suficientes para admirar la curvatura de la tierra.    Mientras tanto, el cohete ya habrá regresado a tierra, aterrizado verticalmente cerca de la plataforma de donde será lanzado. Posteriormente, la cápsula emprenderá su viaje de regreso, apoyada por un sistema de paracaídas que amortiguará su aterrizaje en el desierto de Texas. Está planeado que en la misión NS-16 se complete en tan solo 10 minutos. Como ya mencionamos, este será el primer vuelo tripulado del cohete New Shepard y Blue Origin, esto se debe a que la cápsula es completamente autónoma, razón por la cual solo participarán en el viaje Bezos y sus acompañantes, sin tripulación dedicada al control del cohete en caso de eventualidades.Cómo ver en vivo el vuelo de Jeff Bezos al espacioEl vuelo de Blue Origin y el cohete New Shepard se transmitirá por varias plataformas:Transmisión en vivo desde el sitio de Blue Origin, esta comenzará a las 6:30 AM (hora del centro de México) en antesala al lanzamientoEn YouTube, en el canal oficial de Blue Origin En la cuenta oficial de Twitter de Blue Origin también se darán a conocer actualizaciones sobre el vueloEn la cuenta de Instagram de Jeff Bezos es probable que el hombre más rico del mundo también comparta actualizaciones posteriores al vuelo    Compartir               Cómo y a qué hora ver desde México el vuelo de Jeff Bezos al espacio este martes: el primer vuelo de turismo espacial de Blue Origin         FacebookTwitterFlipboardE-mailTemasEspacioJeff bezosBlue OriginNew Shepard",         Cómo y a qué hora ver desde México el vuelo de Jeff Bezos al espacio este martes: el primer vuelo de turismo espacial de Blue Origin   ,https://www.xataka.com.mx/espacio/como-a-que-hora-ver-mexico-vuelo-jeff-bezos-al-espacio-este-martes-primer-vuelo-turismo-espacial-blue-origin,./files/xakata,www.xataka.com.mx,224,15
d9f862832549c29e9373679e1c031334,"General Motors confirmó que presentará una tercera camioneta eléctrica bajo la marca GMC; será una pickup de tamaño completo que se espera sea un vehículo más del tipo de “estilo de vida” como la próxima Hummer eléctrica, pero con un precio más asequible.Este último anuncio se produce sólo tres meses después de que GM informó que produciría una Chevrolet Silverado completamente eléctrica , la cual fabricará en su Factory ZERO y se basará en la plataforma de baterías Ultium, por lo que podría tener un alcance estimado de más de 600 kilómetros con una carga completa. El primer anuncio se hizo en octubre del año pasado. Fue el de la Hummer eléctrica, la cual también se producirá en la Factory ZERO probablemente a partir del cuarto trimestre de este año. Se espera que alcance hasta 482 kilómetros, será el primer vehículo GM en integrar Android Automotive y su precio inicial es de 80,000 dólares.Este es último de una serie de anuncios de productos EV realizados por el fabricante de automóviles en el último año, mientras se esfuerza por entregar más de 1 millón de vehículos eléctricos en todo el mundo para 2025.En enero de este año, la empresa informó que parte de este plan involucra el lanzamiento de 30 modelos totalmente eléctricos en los siguientes cuatro años y, con ello, esperan se aceleren las ventas de este tipo de automóviles a nivel mundial, para en 2035, ofrecer sólo vehículos eléctricos.    Compartir               GM fabricará otra pickup eléctrica; ya son tres las camionetas con baterías de GM que llegarán próximamente           FacebookTwitterFlipboardE-mailTemasAutomóvilGMGeneral MotorsHummer eléctricaSilverado eléctrica",         GM fabricará otra pickup eléctrica; ya son tres las camionetas con baterías de GM que llegarán próximamente     ,https://www.xataka.com.mx/automovil/gm-fabricara-otra-pickup-electrica-tres-camionetas-baterias-gm-que-llegaran-proximamente,./files/xakata,www.xataka.com.mx,134,10
bd81ecba94de8e528414de2a0f0030d8,"A los operadores de telefonía móvil les va mejor en 2021 respecto a 2020 en cuanto a quejas. Sus usuarios cada vez reportan menos inconformidades, con AT&T que tiene decrecimientos del 45%, Telcel del 7% y Movistar 44%. AT&T recibió a través de Profeco 1,501 quejas en el primer cuatrimestre del 2020, y en el mismo lapso de tiempo del 2021 solo recibió 822. Telcel mientras tanto recibió 823 quejas y ahora solo 766, mientras que Movistar tenía 347 y ahora solo 196. Aunque en el primer cuatrimestre de 2021 hubo una reducción del 33% en las reclamaciones asociadas a servicios de telefonía móvil, el segmento sigue siendo el que tiene más quejas de todos los de telecomunicaciones. Del lado de los servicios empaquetados mientras tanto, este es el cuarto cuatrimestre consecutivo con incrementos de quejas de más del 100%: Izzi tuvo aumentos de quejas en 176%, Megacable en 168% y Totalplay en 136%.     Quedarse en casa aumentó los números de quejas por internetEn comparativa del primer trimestre del 2020 contra el del 2021, los números de los tres proveedores con más quejas de telefonía móvil y servicios empaquetados queda de la siguiente forma.         Primer cuatrimestre 2020   Primer cuatrimestre 2021   Variación      AT&T   1,501   822   -45%     Telcel   823   766   -7%     Movistar   347   196   -44%     Izzi   189   521   176%     Megacable   172   461   168%     Totalplay   126   297   136%    Si tomamos en cuenta el ranking relativo, considerando las quejas por cada 100,000 usuarios, Totalplay es el que tiene más quejas con 4.91. Le siguen Megacable de cerca con 4.79 e Izzi en tercer lugar con 3.44. En telefonía móvil AT&T es el que más quejas por 100,000 usuarios acumula con 4.56, y le siguen de lejos Telcel con 1.01 y Movistar con 0.81. El notable incremento de AT&T puede tener que ver con la demanda colectiva que Profeco organiza por el cobro anual a algunos usuarios de pospago que comenzó a aplicar a finales del 2019. Independientemente de cuál operador o proveedor de servicios sea el más acusado, los principales motivos de reclamaciones en telefonía móvil son, en orden, error de cálculo en cobros, negativas a la entrega del servicio, o modificación del precio convenido o presupuestado. En los tres casos hay disminuciones en 2021, de -23% en el primer caso, -32% en el segundo y -6% en el tercero.     En cuanto a servicios empaquetados, los tres principales rubros de las reclamaciones tienen aumentos. En orden son: negativa a la entrega del servicio, negativa a la rescisión de contrato y modificaciones del precio convenido.     Los servicios empaquetados hacen referencia a las ofertas comerciales en donde se ofrecen en conjunto dos o más servicios de telecomunicaciones. El reporte además de dar las cifras vistas de servicios empaquetados también tiene reclamaciones hechas por cada uno de los servicios: internet, telefonía fija y televisión restringida. Por servicio de internet quien tiene más quejas totales es Izzi con 132, aunque tiene una disminución del 132% respecto al año pasado. Sin embargo en quejas relativas, quien tiene más reclamaciones por 100,000 usuarios es Megacable con una tasa del 2.99, superior al 2.49 de Izzi y el 0.16 de Telcel.     En telefonía fija la tendencia de aumentos de quejas también está presente, con Megacable encabezando las alzas con un 300% respecto a sus mismos números del año pasado.     Por último en televisión restringida también Megacable es el único de los tres principales con un incremento, aunque marginal. Aquí quien tiene más quejas por cada 100,000 usuarios es Izzi con 4.80, más que los 3.87 de Megacable y el 1.34 de Sky.     En números totales, mezclando los servicios fijos con los de telefonía móvil, las quejas en el primer cuatrimestre del 2021 tuvieron un incremento del 1% respecto al mismo periodo del 2020. Son 5,407 quejas del 2020 contra 5,449 de los primeros cuatro meses del 2021.Al final de su reporte Profeco recuerda los derechos de los usuarios en telecomunicaciones, siendo algunos: la compensación o bonificación cuando un proveedor no preste los servicios conforme a lo contratadouna notificación con la razón por la cual se suspende el servicio cuando ocurracancelar el contrato sin penalización cuando el usuario no esté de acuerdo con cambios por parte del proveedor, siempre y cuando la cancelación sea en los 30 días siguientes al aviso de las modificacionesla devolución de cobros indebidos en cinco días hábiles como máximo tras la reclamacióngarantía en equipos no menor a 90 díasque el proveedor resuelva en un plazo no mayor a 15 días naturales cuando sea ingresada una queja    Compartir               En México cada vez hay menos quejas contra Telcel, AT&T y Movistar, pero hay más contra Izzi, Megacable y Totalplay, según Profeco         FacebookTwitterFlipboardE-mailTemasTelecomunicacionesTelcelServiciosmegacableIzzi","         En México cada vez hay menos quejas contra Telcel, AT&T y Movistar, pero hay más contra Izzi, Megacable y Totalplay, según Profeco   ",https://www.xataka.com.mx/telecomunicaciones/mexico-cada-vez-hay-quejas-telcel-at-t-movistar-hay-izzi-megacable-totalplay-profeco,./files/xakata,www.xataka.com.mx,359,14
4ed44d542a05a0ac6041212cbc401651,"Para atender a más de 42,000 usuarios con discapacidad visual o cognitiva, déficit de atención y adultos mayores, Cabify habilitó dentro de su app ""Avisos importantes por voz"", función que utiliza el asistente de voz del smartphone para mandar notificaciones importantes relacionadas con el viaje.La función avisará, por ejemplo, si la app ya encontró un conductor para el viaje, si se produjo algún error o cualquier otra eventualidad que se llegara a producir durante el trayecto, por lo que no hay que estar constantemente atento al teléfono.     De acuerdo con Cabify, esta nueva herramienta se enfoca en otorgar mayor accesibilidad y mejorar la experiencia de la interfaz haciéndola más cómoda y segura para las personas con dificultades para su comprensión, con lo que la haría más accesible para todos sus usuarios y usuarias.Para acceder a Avisos importantes por voz, el usuario deberá dirigirse al menú, seleccionar la opción Mi cuenta y después elegir Accesibilidad, desde donde se podrá activar la función. Para ello, deberás tener actualizada la app y mantener la plataforma abierta mientras esperas o viajas.Cabify es la segunda plataforma más usada de servicios de transporte en México con 14% de participación de mercado, por debajo de Uber que domina el 80%. Hasta ahora, Cabify tiene presencia en seis ciudades de México (Guadalajara, Mérida, México D. F., Monterrey, Puebla, Querétaro).    Compartir               'Avisos importantes por voz': la app de Cabify ahora ""le hablará"" a usuarios con alguna discapacidad para hacer más accesibles los viajes         FacebookTwitterFlipboardE-mailTemasAutomóvilAsistente de VozCabifyPersonas con discapacidad","         'Avisos importantes por voz': la app de Cabify ahora ""le hablará"" a usuarios con alguna discapacidad para hacer más accesibles los viajes   ",https://www.xataka.com.mx/automovil/avisos-importantes-voz-app-cabify-ahora-le-hablara-a-usuarios-alguna-discapacidad-para-hacer-accesibles-viajes,./files/xakata,www.xataka.com.mx,130,12
d2e38c27c21a4fa1ebf9783fec49d0e3,"Aunque nunca se ha comprobado que los sistemas del INE hayan sido vulnerados, hace no mucho tiempo se supo de una copia del padrón electoral que terminó en servidores de acceso libre de Amazon, y que fue una copia exacta de la copia a la que tuvo acceso Movimiento Ciudadano, y razón por la que el partido fue multado con 34.2 millones de pesos. Ahora a la historia de presuntas filtraciones se suma una nueva, pues ha aparecido en un foro de venta de bases de datos lo que, según el Instituto Nacional Electoral, parece ser una copia del padrón electoral de México. Información de 91 millones de mexicanosUno de los primer vistazos proviene del blog Under The Bridge, que registró que se puso en venta en un foro la información de 91 millones de votantes mexicanos. La publicación asegura que la información está actualizada y que corresponde al 2021, pero a través de un comunicado el INE ha dicho que, además de estar investigando la supuesta filtración, los datos hasta ahora comprobables corresponden a un corte de información del 2018.     El caso no es nuevo para el INE. El instituto dice que la exposición ""se ha estado investigando desde abril de 2020"", por lo que en mayo del año pasado se interpuso una denuncia ante la Fiscalía Especializada en Delitos Electorales. El especialista en ciberseguridad y fundador de Seekurity, Hiram Camarillo, publicó en su cuenta de Twitter que el usuario subió como muestra de la información que posee, 99,983 registros de mexicanos, que incluyen nombres completos, fechas de nacimiento, sexo, dirección y CURP. La base de datos completa con información de 91 millones de mexicanos se vende a solo 750 dólares, equivalentes al tipo de cambio a 15,052 pesos. En una de las anteriores filtraciones de copias del padrón electoral, Movimiento Ciudadano admitió que subió a internet la copia a la que tuvo acceso por recomendación de una empresa consultora. El partido alegó que la copia fue subida a un servidor de Amazon con todas las medidas de seguridad, pero dijo que la empresa sufrió un ataque cibernético y por ello la información fue comprometida. Aunque el partido interpuso una denuncia penal, de cualquier forma fue multado. Varios casos de filtraciones de datos del padrón electoral han sucedido también con el PRI. Apenas a finales del 2020 el INE impuso una multa de 84 millones de pesos al PRI por descuidar una copia del padrón electoral bajo su cuidado y que terminó a la venta en Mercado Libre. El PRI impugnó pero el Tribunal Electoral del Poder Judicial de la Federación confirmó la multa. Previamente el PRI se ha visto involucrado en otros dos descuidos del padrón electoral, uno por el que datos fueron filtrados en el portal People-Search en 2016, y otro más cuando datos de su copia del padrón electoral aparecieron en el sitio web Digital Ocean en 2018.     Compartir               El INE encontró lo que parece ser una copia del padrón electoral de México: alguien la vende por 15,000 pesos en el mercado negro         FacebookTwitterFlipboardE-mailTemasSeguridadInformaciónCopiaINE","         El INE encontró lo que parece ser una copia del padrón electoral de México: alguien la vende por 15,000 pesos en el mercado negro   ",https://www.xataka.com.mx/seguridad/ine-encontro-que-parece-ser-copia-padron-electoral-mexico-alguien-vende-15-000-pesos-mercado-negro,./files/xakata,www.xataka.com.mx,251,13
31296359780f323e1d1e42afe4a258e1,"Jeff Bezos lo logró: se convirtió en el segundo multimillonario en ir al espacio con su infraestructura, y ahora el magnate está muy agradecido contigo si ha comprado en Amazon. Blue Origin lo mandó a la frontera del espacio, en un paso importante para el inicio formal de la nueva era del turismo espacial. Bezos no tendrá el entrenamiento de astronauta, tampoco tendrá carrera en la NASA, pero lo que sí tiene es un gran capital, el status de ser el primero o segundo hombre más rico del planeta (según se levanten los mercados) y ahora hasta agradecimiento por quienes trabajan y/o compran en Amazon.  ""Todos ustedes pagaron por esto"", dijo un Bezos emocionado en la conferencia de prensa después del aterrizaje. .@JeffBezos speaking truth after successful #BlueOrigin flight: “I also want to thank every Amazon employee and every Amazon customer because you guys paid for all of this.” https://t.co/hMS01eRzMs pic.twitter.com/3CueAOX9M8— Dan Linden (@DanLinden) July 20, 2021 ""En serio, a cada comprador de Amazon y a cada trabajador de Amazon, gracias desde el fondo de mi corazón"", dijo el magnate. Jeff Bezos voló a bordo del cohete New Shepard como parte de la misión que duró 10 minutos y 22 segundos. El cohete alcanzó los 100 kilómetros sobre el nivel del mar y dejó a los tripulantes algunos minutos en gravedad cero. Sus comentarios son relevantes y polémicos dado que Amazon ha sido antes denunciado por condiciones laborales dudosas en México y en todo el mundo. Apenas en abril una investigación de Reuters se centró en las condiciones laborales en centros de almacenamiento de Amazon en México y encontró despidos injustificados tras contagios de COVID-19.  Bezos no es el primero ni será el último multimillonario en ir al espacio. Richard Branson fue el primero apenas hace unos días y Musk tiene ya su boleto para viajar al espacio aunque no con SpaceX, sino con Virgin Galactic de Branson.     Compartir               Bezos agradeció a quienes compran y trabajan en Amazon por su viaje al espacio: ""todos ustedes pagaron por esto""         FacebookTwitterFlipboardE-mailTemasEmpresas y economíaAmazonJeff bezos","         Bezos agradeció a quienes compran y trabajan en Amazon por su viaje al espacio: ""todos ustedes pagaron por esto""   ",https://www.xataka.com.mx/empresas-y-economia/bezos-agradecio-a-quienes-compran-trabajan-amazon-su-viaje-al-espacio-todos-ustedes-pagaron-esto,./files/xakata,www.xataka.com.mx,187,9
0ef7a10aa782dde47a6bfbec4ae9ce5c,"HP está lanzando la HP 245 G7, su nueva laptop enfocada para profesionales. Un modelo que une la mejor tecnología con un diseño robusto y duradero capaz estar a la altura de cualquier necesidad.Una de sus claves está en la potencia. La laptop incluye un procesador Ryzen, que le saca provecho a las últimas tecnologías de AMD, incluyendo su más nueva arquitectura y gráficos. El complemento perfecto es una unidad de estado sólido de gran velocidad, que proporciona un arranque rápido tanto al inicio como a ciertas apps específicas, o una unidad de disco duro tradicional que permite tener gran capacidad de almacenamiento. Todo esto, cuidando al máximo la seguridad.De hecho, incluye un Trusted Platform Module (TPM) de firmware que proporciona claves de cifrado basadas en hardware para proteger toda nuestra información, pero también el correo electrónico y las credenciales de acceso de usuario.  Estas implementaciones de seguridad van de la mano de todas las características adicionales que ofrece Windows 10 para proteger contra amenazas. Todo esto maximizando la gestión y productividad para los negocios.También cuenta con un completo apartado de puertos, donde destaca el RJ-45 y el HDMI, dos elementos que satisfacen las necesidades de la empresa en caso de que quieran aprovechar las redes cableadas o de enviar contenido a una pantalla externa. Y cuenta con una clásica ranura para tarjetas SD, WLAN 802.11ac y Bluetooth 4.2 como opciones.El diseño de la HP 245 G7 es una combinación entre elegancia, durabilidad y portabilidad. Siendo delgado y ligero, pero a su vez cuenta con un chasis resistente, para hacer relucir su lado profesional.    Compartir               HP 245 G7, crea contenido con un equipo ligero, potente y seguro         FacebookTwitterFlipboardE-mail","         HP 245 G7, crea contenido con un equipo ligero, potente y seguro   ",https://www.xataka.com.mx/n/hp-245-g7-crea-contenido-equipo-ligero-potente-seguro,./files/xakata,www.xataka.com.mx,142,7
7c43b5d323d187b9ebcd5b029e010b16,"Tesla no pudo entregar en 2019 al Semi, su camión eléctrico -como lo había prometido-, se retrasó para 2020 y después para 2021; pero hoy por fin parece haber una esperanza sobre la llegada del vehículo pesado, pues fuentes internas afirman que está ya casi todo listo para que entre a producción, de acuerdo con un informe de Electrek.Esas fuentes comentaron que la línea de producción del eje motriz del Semi está lista y que la línea de ensamblaje general del camión está en fase de depuración final. Apenas en marzo pasado, Electrek también informó que Tesla  ya estaba construyendo una línea de producción en un nuevo edificio cerca de su Gigafactory en Nevada, que se utilizaría para fabricar cinco Tesla Semi por semana para finales de año. Sin embargo, parece ser que la línea podría haber sido sólo para una producción piloto.Por otro lado, a finales de junio, Sawyer Merritt, inversor de Tesla, compartió en una serie de tuits que el Semi ya estaba cerca porque algunos de sus componentes subcontratados ya habían sido aprobados para producción.A source told me at least some outsourced components for the Semi have been production approved. That tells me that Tesla is fully preparing to have all of their outsourced components production approved. Great sign that the Semi is close. “Semi program moving quickly”. https://t.co/6yjJ9dTkBK— Sawyer Merritt 📈🚀 (@SawyerMerritt) June 29, 2021Por ahora no hay nada concreto y son sólo rumores, aunque sabemos que Tesla no es la automotriz más puntual en las entregas, pero ya hay empresas como Walmart y Pepsico que realizaron pedidos para sus flotillas con adelantos de 20,000 dólares por camión.El Tesla Semi fue presentado en 2017 como la opción eléctrica a vehículos de carga pesados y es probable que el modelo más poderoso, el que costará 180,000 dólares, alcance hasta 800 kilómetros de autonomía con una carga.    Compartir               El Tesla Semi ya entrará a producción después de dos años de retraso, según informe: el camión eléctrico más cerca de las calles          FacebookTwitterFlipboardE-mailTemasAutomóvilTeslaTesla Semicamión eléctrico","         El Tesla Semi ya entrará a producción después de dos años de retraso, según informe: el camión eléctrico más cerca de las calles    ",https://www.xataka.com.mx/automovil/tesla-semi-entrara-a-produccion-despues-dos-anos-retraso-informe-camion-electrico-cerca-calles,./files/xakata,www.xataka.com.mx,185,14
43460517eedd05a2aebd48ad471ce508,"Continua el conflicto entre el gobierno de los EUA y Facebook desatado la semana pasada por el presidente Joe Biden. Ahora es  la directora de Comunicaciones de la Casa Blanca quien habló en torno a la responsabilidad de las redes sociales sobre la publicación de fake news en relación a la pandemia.De acuerdo a declaraciones recogidas por la MSNBC, Kate Bedingfield señaló que las redes sociales deberían hacerse responsables por publicar información errónea y que desde la administración estaban revisando las políticas establecidas en la ley sobre las posibles sanciones o limitaciones cuando los contenidos terminen por causar daño a las personas. ""Estamos revisando eso y ciertamente deberían rendir cuentas, dijo Bedingfield.Añadió que hay medios conservadores que generan contenido de forma irresponsable sobre el virus, que se sigue difundiendo en las redes sociales y representa un problema para su estrategia sanitaria.La cruzada de Estados Unidos contra las Fake News en Facebook    Recordemos que el mandatario estadounidense declaró abiertamente el viernes que redes como Facebook estaban ""matando gente"" por desinformar en torno a las vacunas y en general sobre los temas relacionados a la pandemia, pues contribuían a que las personas decidieran no aplicarse el biológico, afectando las metas del gobierno para contener la variante Delta que ahora circula en el país, donde destaca el grupo de ""los no vacunados"" como el principal factor.Esto, tras los comentarios de la secretaria de prensa de la Casa Blanca, Jen Psaki, donde compartían su preocupación por las ""publicaciones problemáticas"" que circulaban en Facebook y anunciaban posibles cambios en la Ley de Decencia en las Comunicaciones para combatirlo.La red social respondió con un informe donde señalaban que el 85% de los usuarios que utilizan Facebook en Estados Unidos, o ya se vacunaron o quieren hacerlo, que contrastaba con la meta que el gobierno de Biden se propuso para el 4 de julio, haber vacunado al 70% de los residentes del país.Como punto más reciente, este lunes 19 de julio, el presidente se retractó señalando que la plataforma ""no está matando gente"", pasando la responsabilidad a los usuarios, que son los que diseminan información y que esperaban la red social hiciera algo al respecto para evitar la propagación de estos contenidos.    Compartir               Redes sociales ""deberían rendir cuentas"": la Casa Blanca dice que las plataformas tendrían que ser responsables por las fake news         FacebookTwitterFlipboardE-mailTemasLegislación y DerechosFacebookTwitterCoronavirusCoronavirus en México","         Redes sociales ""deberían rendir cuentas"": la Casa Blanca dice que las plataformas tendrían que ser responsables por las fake news   ",https://www.xataka.com.mx/legislacion-y-derechos/redes-sociales-deberian-rendir-cuentas-casa-blanca-dice-que-plataformas-tendrian-que-ser-responsables-fake-news,./files/xakata,www.xataka.com.mx,194,13
e7b825ed5acc5b0aef61410fdab01c11,"En días pasado hablamos de un monitor portátil de la marca Asus para quienes tienen que salir mucho por cuestiones de trabajo y necesitan otra pantalla. Además, un teclado mecánico a bajo costo que puede ser una opción para quienes quieran experimentar con estos periféricos.Ahora, en Amazon México podemos encontrar dos promociones sobre mouse, tanto de la marca Logitech como de HyperX. En la lista podemos encontrar productos con hasta 52% de descuento y algunos incluso están en su precio más bajo histórico.     La lista es la siguiente:Logitech M185 - Azul 119 pesos / Negro 159 pesosLogitech Pebble M350 - Azul - 249 pesosLogitech MX vertical - Negro - 869 pesos Logitech MX Ergo - 969 pesosLogitech Mx MAster 3 - 1,149 pesosLogitech Pro X Superlight - Negro 2,199 pesos / Blanco 2,209 pesosHyperX Pulsefire Surge - 799 pesosHyperX Pulsefire Hase - 819 pesosEn Xataka MéxicoLaptop ASUS TUF Dash F15 con Intel Core i7 de onceava generación y tarjeta RTX 3050 Ti por menos de 20,000 pesos en Amazon MéxicoTodos son vendidos y enviados por Amazon México, por lo que cuentan con los beneficios de Amazon Prime. Esto quiere decir que usuarios que cuenten con esta suscripción pueden disfrutar de envío gratis sin mínimo de compra y entrega al día siguiente.Aparte de estos mouse en la promoción también encontramos el teclado inalámbrico Logitech MK850 por 1,219 pesos y un mouse pad XL de HyperX por 519 pesos. También publicamos una oferta de la MagicBook 14, laptop de Honor que se puede comprar con 9,000 pesos de descuento.        En Xataka México Selección publicamos las mejores ofertas en tecnología, videojuegos, coleccionables y demás categorías que estén en descuento en distintas tiendas en línea de México. El precio y disponibilidad del producto están sujetos a cambios sin previo aviso.    Algunos de los enlaces de esta publicación pueden pertenecer a un programa de afiliados. Ninguno de los artículos mencionados han sido propuestos ni por las marcas ni por las tiendas, siendo su introducción una decisión única del equipo de editores.     Compartir               Mouse Logitech y HyperX de oferta en Amazon México: hasta 52% de descuento en modelos inalámbricos para trabajar más cómodo         FacebookTwitterFlipboardE-mailTemasPeriféricosSelecciónLogitechDescuentoMouseOfertasAmazon MéxicoHyperX",         Mouse Logitech y HyperX de oferta en Amazon México: hasta 52% de descuento en modelos inalámbricos para trabajar más cómodo   ,https://www.xataka.com.mx/seleccion/mouse-logitech-hyperx-oferta-amazon-mexico-52-descuento-modelos-inalambricos-para-trabajar-comodo,./files/xakata,www.xataka.com.mx,187,11
d5c05755ed79d6119b89d30c4c08abdd,"El 31 de agosto Disney lanzará Star+, un nuevo integrante para competir contra Netflix y HBO Max, ya sabemos que ‘Los Simpsons’ tendrán todas sus temporadas disponibles en la plataforma, además de ser el lugar en el que se estrenará en exclusiva la temporada 32 de la serie. ‘The Walking Dead’ repetirá la misma historia.Por medio de sus redes sociales se confirmó que la temporada final de ‘The Walking Dead’ será estrenada en exclusiva por el servicio de streaming. Todavía no se ha revelado la fecha en la que se estrenará el primer episodio en México. En Xataka MéxicoStar+: el hogar de ‘Los Simpson’ y de ESPN, estos serán sus contenidos de lanzamiento y dispositivos compatibles en México‘Solar Opposites’ también será exclusiva de Star+, se trata de la nueva serie animada de Justin Roiland y Mike McMahan, recordando que Roiland es reconocido por ser el creador de ‘Rick y Morty’. La serie fue estrenada en 2020 y ya cuenta con dos temporadas.    Otra sorpresa será ‘M.O.D.O.K.’, una serie de Marvel que utiliza la técnica de stop motion y esta dirigida a un público adulto, mezclando elementos de ciencia ficción con humor. Su primera temporada se estrenó en Estados Unidos el 21 de mayo de 2021 con 10 episodios.Otras series animadas para adultos que estarán disponibles el 31 de agosto son:Family GuyDuncanvilleFuturama (serie completa)American Dad!    Star+ podría ser la casa de Hulu en MéxicoHulu podría estar más cerca de México de lo que pensamos, Disney es el principal propietario del servicio de streaming después de comprar Fox en 2019. Hemos notado que algunas series exclusivas para dicha plataforma llegarán a México de la mano de Star+.Entre ellas destacamos ‘Solar Opposites’ y ‘M.O.D.O.K.’, pero también existe más contenido como ‘Secretos sobre secretos sobre secretos’, la serie que tiene a Steven Martin, Martin Short y Selena Gomez como protagonista, también es exclusiva de Hulu y en las redes sociales de Star+ la manejan como serie original.    Otras series exclusivas de Hulu que ya están disponible en México o que llegarán con Star+ son:The Handmaid’s Tale (exclusiva de Paramount+ en México)The Act (disponible en StarzPlay en México)Love, Victor (exclusiva de Star+ en México)Castle Rock (disponible en StarzPlay en México)Veronica Mars (disponible en HBO en México)Normal People (disponible en StarzPlay en México)The Great (disponible en StarzPlay en México)Runaways (disponible en Disney+)High Fidelity (disponible en StarzPlay en México)Star+ todavía no revela su precio oficial en México, solamente sabemos que su costo será alrededor de los siete dólares, similar al de Disney+. Se esperan más detalles en las próximas semanas.     Compartir               Star+ en México tendrá en exclusiva la temporada final de ‘The Walking Dead’ y ‘M.O.D.O.K’, la serie de Marvel para adultos         FacebookTwitterFlipboardE-mailTemasStreamingHuluDisneyStar+","         Star+ en México tendrá en exclusiva la temporada final de ‘The Walking Dead’ y ‘M.O.D.O.K’, la serie de Marvel para adultos   ",https://www.xataka.com.mx/streaming/star-mexico-tendra-exclusiva-temporada-final-the-walking-dead-m-d-k-serie-marvel-para-adultos,./files/xakata,www.xataka.com.mx,233,10
2f8cd9529ee939cadc71fe4737482960,"Le pasó hace algunos días a DiDi, cuando su app quedó vetada de las tiendas de aplicaciones en China, y ahora Amazon y ByteDance, creador de TikTok, están en la mira del gobierno chino por presuntamente acumular demasiada información sobre sus usuarios o requerir demasiados permisos de forma ilegal. La información proviene del South China Morning Post que refiere a una lista de China con 145 apps en total que, asegura el gobierno, han violado los derechos de los usuarios. En el caso de Amazon se trata en específico de una comunidad en línea con nombre de NetEase's Dashen. En todos los casos las apps y empresas tienen solo siete días para corregir el asunto por el el gobierno chino asegura que están incurriendo en prácticas ilegales, y en caso de no hacerlo obtendrán castigos.      Las política de privacidad de datos en China no solo provocó el incidente con DiDi, sino que además una coalición conformada por Google y Facebook comenzaron a pensar en dejar el país, según un reporte en The Wall Street Journal.Amazon respondió al South China Morning Post que hará todo lo posible por cumplir con los requisitos legales del gobierno chino, así que un escenario en donde su servicio en línea o cualquier otra sección de la empresa quede vetada luce muy improbable.     Compartir               Amazon y TikTok son los siguientes en la mira de China: han recolectado demasiada información de sus usuarios, según el país         FacebookTwitterFlipboardE-mailTemasEmpresas y economíaappsChina","         Amazon y TikTok son los siguientes en la mira de China: han recolectado demasiada información de sus usuarios, según el país   ",https://www.xataka.com.mx/empresas-y-economia/amazon-tiktok-siguientes-mira-china-han-recolectado-demasiada-informacion-sus-usuarios-pais,./files/xakata,www.xataka.com.mx,130,11
04f2cb33228f67bb58b864e15cdbd052,"Una explosiva investigación de organizaciones civiles y medios internacionales volvió a los temas de conversación el uso del spyware israelí Pegasus, del cual se ha tenido constancia antes de varias demandas de su uso contra periodistas en México. El nuevo reporte hecho por Amnistía Internacional, The Guardian, The Washington Post, Forbidden Stories y otros medios, revela una lista de posibles blancos del software creado por NSO. El listado comprende más de 50,000 objetivos potenciales, y aunque NSO niega que haya pruebas contundentes de que su software ha sido usado en contra de otros que no fueran organizaciones criminales, Amazon Web Services ahora cerrado la infraestructura de NSO, según ha confirmado la propia Amazon a Motherboard.  Un portavoz le dijo a Motherboard que en cuanto la empresa se enteró de las actividades de NSO, actuó rápidamente para ""cerrar sus cuentas e infraestructura relevante"".      Infraestructura de Amazon que se usó para PegasusSucede que el reporte de organizaciones y medios revela que NSO comenzó a utilizar CloudFront de Amazon como parte del uso de Pegasus. Un dispositivo infectado con el spyware subiría información del usuario a a través de CloudFront, que es un servicio de envío y entrega de contenidos en internet, ya sea video, apps, APIs y datos. La promesa de CloudFront es ser un servicio destacable por la seguridad de los envíos pero además con muy baja latencia y a rápidas velocidades. Previamente Motherboard reportó en mayo de 2020 algunos indicios de que NSO podría estar utilizando infraestructura de Amazon para que su malware fuera operativoNSO asegura no tener acceso ni control a la lista de objetivos de sus clientes. Como antes ha dicho la empresa, el software solo se vende a gobiernos con la finalidad de ser una herramienta para la vigilancia de grupos delincuenciales o terroristas. Pero de vuelta a 2016, un grupo de especialistas de Citizen Lab encontró víctimas de Pegasus, una de ellas el periodista mexicano Rafael Cabrera. A lo largo de los años se han documentado más casos del uso de Pegasus contra periodistas, Carmen Aristegui siendo una de ellas.       Países en donde Pegasus se ha utilizado para seleccionar a periodistas como objetivo, según el reporte de organizaciones y medios.   Activistas también se han visto involucrados a decir de organizaciones civiles como Red por la Defensa de los Derechos Digitales e investigaciones de medios como el New York Times. El tema ha escalado a tal nivel que hace un par de años WhatsApp demandó a NSO por presuntamente infectar a 1,400 smartphones con el Pegasus, aprovechando una vulnerabilidad encontrada en las videollamadas de la plataforma.Una vez que un equipo está infectado con Pegasus, el spyware puede extraer mensajes, llamadas, fotos, activar la cámara, micrófono, acceder a todos los contenidos, e incluso a los de las apps con material cifrado, como varias plataformas de mensajería instantánea. La nueva investigación documenta el hallazgo de hasta 15,000 números telefónicos de México en una lista de interés de NSO, aunque la empresa asegura que los números no necesariamente son objetivos de los clientes que adquirieron Pegasus.     Compartir               Amazon clausura servicios a NSO, la empresa detrás del software Pegasus que se usó para espiar a miles en México según nuevo reporte         FacebookTwitterFlipboardE-mailTemasSeguridadSpywareperiodistaspegasus","         Amazon clausura servicios a NSO, la empresa detrás del software Pegasus que se usó para espiar a miles en México según nuevo reporte   ",https://www.xataka.com.mx/seguridad/amazon-clausura-servicios-a-nso-empresa-detras-software-pegasus-que-se-uso-para-espiar-a-miles-mexico-nuevo-reporte,./files/xakata,www.xataka.com.mx,279,15
b411c1cc4c29d4c8270ac130a704f658,"Lo que originalmente la policía ucraniana reportó como una granja de minería con casi 4,000 PS4 resultó ser una bodega donde se ""cultivaban"" tarjetas de FIFA Ultimate Team, así como la moneda propia del juego.Recordemos que el pasado 8 de julio el Servicio de Seguridad de Ucrania informó sobre el descubrimiento de una granja de criptomonedas que fue ubicada porque se alimentaba de luz robada, lo que representaba un gasto de entre 186 y 260 mil dólares mensuales. Buscando las cartas más raras de FIFA para luego revenderlasEl medio local Delo fue quien se cuestionó sobre la eficiencia de las consolas para obtener criptomonedas, (que eran la versión Slim de Playstation, con potencia de solamente 1.84 teraflops contra los 4.2 que puede tener la Pro) y notaron además discos saliendo de algunos de los equipos, evidenciando el error en el reporte.Según este medio, las consolas habrían sido programadas para jugar una y otra vez FIFA de forma automática para así primero ganar la moneda del juego, que eventualmente podrían intercambiarla por tarjetas de Ultimate Team, dinero real o incluso hacer la venta de la cuenta.    Lo interesante de este caso es que si se tenía suerte, las tarjetas que compraran incluirían alguna lo suficientemente rara como para revenderla con un buen margen de ganancia . En otras ocasiones EA se ha visto envuelta en escándalos similares, por ejemplo, cuando se descubrió que un empleado ofrecía packs de tarjetas por hasta 1,000 euros.A pesar de que la gran mayoría de los equipos pertenecían a la versión económica de la Playstation 4, no se descarta que si existieran algunas consolas de la versión Pro, pero no se encontraban a la vista y aunque si se estaba haciendo una pequeña operación de minería, no era nada significativo para el tamaño de las instalaciones.Además, por la secrecía de la investigación, aún no se han dado a conocer los detalles completos, pues por la cantidad de consolas y otros instrumentos decomisados, faltará un tiempo para conocer el resultado final de la operación.    Compartir               Las 3,000 PlayStation de Ucrania no minaban bitcoins: jugaban FIFA de forma automática para obtener tarjetas de Ultimate Team, según reporte         FacebookTwitterFlipboardE-mailTemasVideojuegosEmpresas y economíaBitcoinPS4FIFAMinería","         Las 3,000 PlayStation de Ucrania no minaban bitcoins: jugaban FIFA de forma automática para obtener tarjetas de Ultimate Team, según reporte   ",https://www.xataka.com.mx/empresas-y-economia/3-000-playstation-ucrania-no-minaban-bitcoins-jugaban-fifa-forma-automatica-para-obtener-tarjetas-ultimate-team-reporte,./files/xakata,www.xataka.com.mx,175,14
a891ce6e7fa520e3e5094b0b90046f64,"El gigante del streaming acaba de confirmar sus intenciones de integrar el servicio de juegos móviles a su plataforma tras presentar su informe de ganancias del segundo trimestre del año.De acuerdo a la carta presentada a los inversores de la compañía, se buscaría que estos se incluyan como parte de la suscripción a la plataforma, por lo que no tendrían ningún costo adicional y aparecerían de forma similar a como ya lo hacen las series y las películas. En el documento, señalan que se encuentran en los primeros pasos para expandirse a los videojuegos, desarrollando contenidos pensados en la interactividad, similar a lo que ya hicieron con títulos como Black Mirror Bandersnatch o los juegos de Stranger Things.    Explican que consideran a los juegos como una nueva categoría de oportunidad para ellos y que se van a enfocar primero en los dispositivos móviles, además de que consideran es necesario aprender más sobre cómo los suscriptores valoran esta nueva experiencia, similar a lo que ocurrió cuando decidieron presentar sus contenidos originales.Aún no se sabe que títulos podrían estar disponibles en la plataforma, pero ya se había dado a conocer que la compañía firmó a principios de julio un acuerdo con Shonda Rhimes para producir no solo largometrajes, sino también contenido potencial de juegos y también en realidad virtual.Netflix ya había mostrado sus intenciones en meses y años anterioresEstas declaraciones llegan después de que la compañía contratara al ex ejecutivo de EA y Oculus, Mike Verdu, para enfocarse en esta nueva área.Recordemos también que Netflix ya había reconocido en el pasado la necesidad de dedicarle sus esfuerzos a este nicho, pues competían en tiempo y atención no solo con plataformas similares como HBO, sino también con otras categorías como Fortnite, según declaraciones del co-CEO Reed Hastings en el 2019; y también, desde abril de este año, en el informe trimestral ya dejaban ver su interés en los juegos como parte de sus ganancias.    Compartir               Netflix entrará al mercado de videojuegos: serán títulos gratis para suscriptores y de momento, solo en smartphones         FacebookTwitterFlipboardE-mailTemasVideojuegosStreamingNetflixstreamingSmartphones","         Netflix entrará al mercado de videojuegos: serán títulos gratis para suscriptores y de momento, solo en smartphones   ",https://www.xataka.com.mx/streaming/netflix-entrara-al-mercado-videojuegos-seran-titulos-gratis-para-suscriptores-momento-solo-smartphones,./files/xakata,www.xataka.com.mx,163,10
9eb3e939222355b827ef25ac452c53fd,"Hace unos días recomendamos este monitor portátil de Asus que puede ser de mucha ayuda para quienes necesitan trabajar fuera de su casa u oficina. Ahora tenemos una opción para quienes disfrutan jugar en su computadora.Se trata de un monitor BenQ modelo EX2780Q, el cual tiene un precio oficial de 13,599 pesos, pero ahora mismo en Amazon México se encuentra por 9,899 pesos. Es decir, un 27% de descuento, que lo deja en su precio más bajo hasta la fecha. Incluso en su tienda oficial está más caro. Monitor Gamer BenQ 144 Hz 27 pulgadas 2K QHD ( EX2780Q )PVP en Amazon México $9,899.00PVP en Mercado Libre $12,299.00Es vendido y enviado por la propia tienda, debido a su precio el envío es gratis para todos los usuarios, pero quienes tengan Amazon Prime pueden disfrutar de entrega al día siguiente dependiendo de su ciudad. Al momento de hacer esta nota, quedan cerca de cuatro horas para que la oferta termine. También esta la opción de pagar una protección contra daños accidentales por dos años de 537 pesos y tres años por 742 pesos. El pago también se puede realizar en hasta 12 meses sin intereses dependiendo de su tarjeta de crédito.    Cuenta con un panel IPS de 27 pulgadas con resolución 2K QHD (2560x1440 pixeles) y una tasa de refresco de 144Hz, además de HDR para una mejor profundidad de negros, modo juego y es compatible con AMD Free Sync.Cuenta con dos puertos HDMI 2.0, un DisplayPort 1.4, un USB tipo C y un jack 3.5 mm. También tiene un equipo de sonido integrado de 2.1 canales, con un subwoofer de 5W, además de un control remoto podemos ajustar la configuración más fácil.        En Xataka México Selección publicamos las mejores ofertas en tecnología, videojuegos, coleccionables y demás categorías que estén en descuento en distintas tiendas en línea de México. El precio y disponibilidad del producto están sujetos a cambios sin previo aviso.    Algunos de los enlaces de esta publicación pueden pertenecer a un programa de afiliados. Ninguno de los artículos mencionados han sido propuestos ni por las marcas ni por las tiendas, siendo su introducción una decisión única del equipo de editores.     Compartir               Este monitor BenQ 2K de 27 pulgadas tiene más de 3,500 pesos de descuento: 144 Hz, HDR, bocinas y hasta control remoto ideal para gaming         FacebookTwitterFlipboardE-mailTemasComponentesSelecciónvideojuegosOfertasmonitorAmazon MéxicoBenQ2KPC Gaming","         Este monitor BenQ 2K de 27 pulgadas tiene más de 3,500 pesos de descuento: 144 Hz, HDR, bocinas y hasta control remoto ideal para gaming   ",https://www.xataka.com.mx/seleccion/este-monitor-benq-2k-27-pulgadas-tiene-3-500-pesos-descuento-144-hz-hdr-bocinas-control-remoto-ideal-para-gaming,./files/xakata,www.xataka.com.mx,195,12
fd4b56d22eeb77455123b6e014e81ccf,"Hace poco más de un año Xiaomi anunciaba un nuevo equipo de gama baja con un precio y características muy competitivas en este sector. Se trata del Xiaomi Redmi 9, el cual se encuentra de oferta.Esto es en las tiendas en línea de Walmart y Bodega Aurrera, donde lo podemos encontrar en 2,628 pesos, mientras que en Amazon México está disponible por apenas 20 pesos más. Su precio de lanzamiento en el país llegaba a superar los 4,500 pesos. Xiaomi Redmi 9 Dual SIM 32GB 3GB RAM Sunset PurplePVP en Walmart $2,628.00PVP en Bodega Aurrera $2,628.00PVP en Amazon México $2,648.00PVP en Claro Shop $2,815.00PVP en Sears $2,961.00Este equipo cuenta con envío gratuito en las tres tiendas, en le caso de Amazon, los usuarios que tengan una suscripción a Amazon Prime pueden disfrutar de entrega al día siguiente dependiendo de su ciudad. El Redmi 9 cuenta con una pantalla LCD de 6.53 pulgadas y Gorilla Glass 3. El cuerpo está hecho de plástico y tenemos la posibilidad de insertar dos tarjetas SIM y una microSD para expandir el almacenamiento, ya que este es de 32GB.    En cuanto a RAM tenemos 3GB y se complementa con un procesador Mediatek Helio G80. Tenemos una cámara principal de 13 MP, un gran angular de 8 MP, macro de 5 ;P y sensor de profundidad de 2 MP, además de la cámara frontal de 8 MP.Debido a sus características recomendamos este smartphone para funciones básicas, como mensajería, ver videos, jugar o consultar redes sociales. Puede ser un buen equipo para regalar a alguien que requiera algo muy básico.         En Xataka México Selección publicamos las mejores ofertas en tecnología, videojuegos, coleccionables y demás categorías que estén en descuento en distintas tiendas en línea de México. El precio y disponibilidad del producto están sujetos a cambios sin previo aviso.    Algunos de los enlaces de esta publicación pueden pertenecer a un programa de afiliados. Ninguno de los artículos mencionados han sido propuestos ni por las marcas ni por las tiendas, siendo su introducción una decisión única del equipo de editores.     Compartir               Redmi 9 de oferta en Amazon México y Walmart: menos de 2,700 pesos por uno de los mejores smartphones baratos de Xiaomi con cuatro cámaras         FacebookTwitterFlipboardE-mailTemasSelecciónDescuentoSmartphoneOfertasWalmartXiaomiAmazon MéxicoRedmi 9","         Redmi 9 de oferta en Amazon México y Walmart: menos de 2,700 pesos por uno de los mejores smartphones baratos de Xiaomi con cuatro cámaras   ",https://www.xataka.com.mx/seleccion/redmi-9-oferta-amazon-mexico-walmart-2-700-pesos-uno-mejores-smartphones-baratos-xiaomi-cuatro-camaras,./files/xakata,www.xataka.com.mx,185,13
