body,title
"
Microsoft Teams ahora permite a organizadores bloquear las conferencias para evitar que ingresen personas¬† luego del horario de comienzo establecido.
La funci√≥n se llama ‚ÄúBloquear la reuni√≥n‚Äù y ya est√° disponible en la aplicaci√≥n de escritorio de Microsoft Teams.
Bloquear una conferencia es muy f√°cil, el organizador solo se dirige al panel de participantes, hace clic en el men√∫ M√°s (bot√≥n con los 3 puntos ‚Ä¶) y clic en Bloquear la Reuni√≥n.
Imagen Microsoft
Los participantes invitados que traten de ingresar a la conferencia una vez bloqueada la misma, ver√°n una advertencia en la parte superior de la reuni√≥n que dice que la reuni√≥n ha sido bloqueada y nadie se puede unir a la misma.
El bloqueo sigue en pie hasta que el mismo organizador desbloquee la conferencia siguiendo los mismos pasos que realiz√≥ cuando bloque√≥ la conferencia.
Igualmente los invitados que ven la advertencia de conferencia bloqueada, podr√°n acceder al chat durante la misma.¬† Adem√°s si est√° permitido, podr√°n ver la transcripci√≥n de la misma y la grabaci√≥n si la conferencia fue grabada.



Relacionado


Siguenos por Twitter a trav√©s de  @Geeksroom y no te pierdas todas las noticias, cursos gratuitos y dem√°s art√≠culos.  Tambi√©n puedes seguirnos a trav√©s de nuestro canal de Youtube para ver nuestros v√≠deos y a trav√©s de Instagram para ver nuestras im√°genes!


",Teams ahora permite bloquear conferencias en curso
"
Este es el Top 10 de los art√≠culos y noticias m√°s le√≠dos de los √∫ltimos 7 d√≠as en Geek‚Äôs Room:
1) Retrato alucinante creado con 182.336 puntos! [V√≠deo]
‚ÄúA veces nos encontramos con personas o m√°s bien artistas que han sido dotados con una habilidad natural que uno a veces sue√±a con poseer al menos un poco de la misma.¬† Este es el caso de un joven artista de Vietnam, llamado¬†DP Tr∆∞∆°ng, quien ha dibujado un retrato con solo puntos, pero que no es ajeno a otras t√©cnicas‚Äú.
Imagen Video DP Tr∆∞∆°ng
2) TikTok Resumes, nuevo programa para conseguir empleo
‚ÄúTikTok anunci√≥ nuevo programa piloto: TikTok Resumes, el cual ayudar√° a empresas a ofrecer trabajo y a los usuarios a postularse a los mismos v√≠a v√≠deo clips‚Äú.

3) Primeras im√°genes del nuevo h√≠brido enchufable 2022 Jeep Grand Cherokee 4xe
‚ÄúHace solo unos minutos atr√°s, durante el¬†Stellantis EV Day 2021, Jeep revel√≥ las primeras im√°genes de su totalmente nuevo h√≠brido enchufable 2022 Jeep Grand Cherokee 4xe‚Äú.
Imagen Jeep
4) Parche de Microsoft para PrintNightmare solo bloquea una de las dos formas de explotaci√≥n de la vulnerabilidad
5) Skype ahora permite asignar un nombre e icono a tus llamadas
6) Microsoft lanza parche de seguridad para arreglar el exploit PrintNightmare
7) Porsche, Bugatti y Rimac crean una joint venture para fabricar nuevos autos
8) Microsoft Teams iOS ahora permite destacar hasta 7 personas en pantalla
9) Cientos de artistas 3D crean renders alucinantes para un desaf√≠o √∫nico
10) Curso Gratis: Programaci√≥n con Python, una introducci√≥n concisa



Relacionado


Siguenos por Twitter a trav√©s de  @Geeksroom y no te pierdas todas las noticias, cursos gratuitos y dem√°s art√≠culos.  Tambi√©n puedes seguirnos a trav√©s de nuestro canal de Youtube para ver nuestros v√≠deos y a trav√©s de Instagram para ver nuestras im√°genes!


","Lo m√°s le√≠do: Retrato alucinante, TikTok Resumes y Jeep"
"
Por una semana probamos el crossover compacto Nissan Kicks 2021, el m√°s peque√±o de la l√≠nea de SUVs de la marca y aqu√≠ paso a contarles todos los detalles y mi opini√≥n sobre este veh√≠culo.

El Nissan Kicks es ofrecido en 3 niveles de equipamiento: S, SV y SR que es el m√°s completo y el nivel de equipamiento que Nissan U.S. nos facilit√≥ para llevar a cabo este review.
Los precios iniciales de los tres niveles son los siguientes:

Nivel S 19.500 d√≥lares
Nivel SV 21.350 d√≥lares
Nivel SR 21.990 d√≥lares.

El veh√≠culo que probamos (Nivel SR) con todas las opciones extras con que ven√≠a equipado, tiene un costo de 27.075 d√≥lares.

Sistema de Propulsi√≥n y Econom√≠a de Combustible
Este crossover compacto en todos sus niveles de equipamiento utiliza un motor de 4 cilindros de 1,6 litros con doble √°rbol de levas a la cabeza.¬† Este motor trabaja en conjunto con una transmisi√≥n CVT (Transmisi√≥n Variable Continua), ofreciendo 122 caballos de fuerza @ 6.200 revoluciones por minuto (rpm) y 114 libras-pie de torque @ 4.000 rpm.

Todos los Nissan Kicks vienen con tracci√≥n delantera solamente y en cuanto a la suspensi√≥n, en el frente incluye una suspensi√≥n de puntal independiente y en la parte trasera una suspensi√≥n con barra de torsi√≥n.

De acuerdo a EPA (Agencia de Protecci√≥n Ambiental de Estados Unidos) la econom√≠a de combustible estimada del Nissan Kicks 2021 es de 31 millas por gal√≥n de gasolina en ciudad, 36 millas por gal√≥n de gasolina en carretera y un combinado (ciudad/carretera) de 33 millas por gal√≥n de gasolina.
Exterior
Este crossover compacto en su versi√≥n 2021 incluye algunas actualizaciones de estilo, aunque el dise√±o sigue siendo igual al modelo anterior.

Entre las actualizaciones que tenemos este a√±o en su exterior, una de las m√°s importantes se encuentra en su frente con una nueva parrilla delantera de mayores dimensiones que el modelo anterior y diferente a la tradicional parrilla en V que utiliza Nissan en varios de sus modelos.

Si bien no lucen mal, en la parte frontal el Nissan Kicks 2021 incluye entradas de aire falsas a izquierda y derecha, que adem√°s de decoraci√≥n, sirven de marco para las luces LED antiniebla. Tambi√©n incluye paragolpes redise√±ados, junto con nuevos faros aerodin√°micos, tanto en el frente, como en la parte posterior.

El color del veh√≠culo que prob√© es de dos tonos, techo Super Negro (Super Black) y el resto de carrocer√≠a de Naranja Monarca (Monarch Orange).¬† La combinaci√≥n de estos colores negros y naranja, lo hacen muy juvenil y atractivo, es una combinaci√≥n que junto con la combinaci√≥n Super Negro/Azul El√©ctrico, introducida tambi√©n para el modelo 2021, para mi son las mejores de toda la gama de colores en que ofrecen al 2021 Kicks.

El nivel de equipamiento SR del modelo 2021 introduce un nuevo dise√±o de llantas de aleaci√≥n de aluminio de 17 pulgadas con un acabado negro brillante.
Tambien a trav√©s de paquetes opcionales este veh√≠culo incluye barras transversales en el techo y puntas cromadas en las salida del ca√±o de escape.
                    
Interior
El interior del nuevo Nissan Kicks 2021 no tiene el mismo nivel de atracci√≥n y estilo moderno que presenta su exterior y por supuesto en esto tiene mucho que ver el precio asequible de este crossover compacto.

Dicho lo anterior y si bien por el precio no podemos esperar materiales de lujo, el interior del SR es un interior que est√° bien construido y presenta materiales de mejor calidad que los niveles S y SV, incluidos sus asientos tapizados en piel sint√©tica.
El nuevo Nissan Kicks 2021 ofrece espacio suficiente para 5 pasajeros y tanto en la fila de asientos delanteros, como los traseros, el espacio para la cabeza es bastante amplio.¬† Adem√°s la segunda fila de asientos, presenta un espacio para las rodillas que podemos considerar adecuado para personas de contextura grande.

Otros cambios visibles en el nivel de equipamiento SR 2021 son los paneles de las puertas que incluyen detalles en color plata y el apoyabrazos del asiento delantero tambi√©n fue redise√±ado.
Con el paquete opcional Interior Electronics, este Nissan Kicks ofrece un sistema de luz ambiental de 20 colores.
En cuanto al espacio de carga les puedo decir que a pesar de lo compacto de este crossover, es estupendo.¬† Ofrece 25,3 pies c√∫bicos de volumen de carga, espacio que si se pliegan los asientos traseros (40/60), se expande hasta los 53,1 pies c√∫bicos, lo que sirve para cargar muchas maletas y otros elementos.

Lamentablemente el espacio para art√≠culos peque√±os en el √°rea del asiento trasero es m√≠nimo, cosa totalmente opuesta al gran espacio que tienen el conductor y acompa√±ante en los bolsillos de los paneles de las puertas delanteras,¬† Adem√°s el espacio de la guantera es muy grande.
Sistema de Info Entretenimiento
Este a√±o el SR, junto con el SV, incluyen una pantalla de info entretenimiento de 8,0 pulgadas.¬† Para el nivel de equipamiento S, la pantalla sigue siendo de 7 pulgadas.
Con esta dimensi√≥n de pantalla el SR, viene incluido un redise√±o de la consola central, incluidas las salidas de aire acondicionado/calefacci√≥n del tablero.

El sistema de info entretenimiento es el NissanConnect, el cual adem√°s de otras funciones, brinda asistencia para realizar llamadas y enviar mensajes con manos libres v√≠a Bluetooth y tambi√©n ofrece un sistema de¬† comandos de voz, para que el conductor no se distraiga y tenga los ojos siempre en el camino. La actualizaci√≥n de este sistema de info entretenimiento se pueden llevar a cabo conectando el sistema a la red Wi-Fi del hogar.
Los 3 niveles de equipamiento ahora ofrecen Apple CarPlay y Android Auto en forma est√°ndar.¬† Adem√°s y en forma opcional, el SR se puede comprar con punto de acceso Wi-Fi que permite emparejar hasta siete dispositivos para acceder a Internet desde cualquier lugar.

En cuanto a la facilidad de uso, el sistema de info entretenimiento incluye controles t√°ctiles en pantalla muy f√°ciles de utilizar. Tambi√©n incluye botones f√≠sicos, tanto a los lados de la pantalla, como as√≠ tambi√©n en el volante.
El sistema de audio es un Bose Personal Plus que trabaja en conjunto con 8 altavoces, incluidos dos altavoces Bose UltraNearfield, que se encuentran integrados a ambos lados del apoya cabezas del conductor.
Para la carga de dispositivos m√≥viles posee 2 puertos USB-A y un puerto USB-C, adem√°s de entrada de audio a trav√©s de un Jack de 3.5 mm y tambi√©n v√≠a Bluetooth.
Sistemas de seguridad y Asistencia al conductor
El Nissan Kicks 2021 SR posee un sistema de bolsas de aire avanzado, con bolsas de aire delanteras complementarias de dos fases y bolsa de aire para las rodillas del conductor.
Tambi√©n incluye bolsas de aire montadas en el asiento del conductor, del pasajero delantero y asiento trasero, todas para protecci√≥n en caso de impactos laterales y bolsas de aire tipo cortina para proteger la cabeza de los ocupantes, las cuales est√°n montadas en el techo.

Como ya lo he explicado en otras oportunidades, Nissan ofrece el paquete de asistencia al conductor Safety Shield 360 que incluye varios sistemas avanzados.
Algunos de los sistemas de seguridad y asistencia que incluye el Nissan Kicks 2021 SR son:

Sistema de frenado autom√°tico de emergencia con detecci√≥n de peatones
Sistema de frenado autom√°tico en reversa
Alerta de tr√°fico transversal trasero
Alerta de punto ciego
Alerta de cambio de carril
Asistente de luces altas
Alerta de colisi√≥n frontal
Monitor de visi√≥n perif√©rica Around View
Sistema de Control de la Tracci√≥n (TCS)
Sistema de monitoreo de presi√≥n de los neum√°ticos con Alerta sencilla de llenado de llantas


Por √∫ltimo quiero nombrar el Sistema Inteligente de Alerta del Conductor que monitorea los patrones de direcci√≥n y si el sistema detecta que el conductor est√° so√±oliento, emite un un sonido de notificaci√≥n y muestra el dibujo de una taza de caf√© en la pantalla.
Conducci√≥n y rendimiento
La salida del Nissan Kicks 2021 no es de la m√°s veloces en su segmento, de cero a 60 millas por hora llega en un poco menos de 10 segundos, algo que por ah√≠ no es muy atractivo para algunos conductores, pero para mi esto se ve compensado con lo divertido de manejar que es el Nissan Kicks 2021, especialmente en ciudad.
Para quienes piensan en un crossover compacto que tiene una figura como este Kicks, que invita a la aventura, tienen que tener en cuenta que le faltan algunos elementos importantes para eso, como por ejemplo un motor con m√°s potencia y tracci√≥n en las cuatro ruedas, cosas que no ofrece.

Ahora y por supuesto dicho lo anterior, hay que tener en cuenta que todo est√° relacionado con el precio de venta del Nissan Kicks, ya que si tuviera todas esos elementos que le permitir√≠an ir m√°s all√° de la carretera, ya no estar√≠amos hablando de un precio inicial de alrededor de 23.000 d√≥lares, como lo tiene este veh√≠culo.
El Nissan Kicks 2021 responde muy bien a las exigencias en cuanto a maniobrabilidad y su suspensi√≥n est√° muy bien balanceada, a√∫n en caminos con baches pronunciados se maneja bastante bien.
El veh√≠culo es muy c√≥modo, tanto para el conductor y acompa√±ante, como as√≠ tambi√©n para los pasajeros de la segunda fila de asientos, as√≠ que viajes largos no son un problema.
Conclusi√≥n Final
Si tengo que definir este crossover compacto en pocas palabras, puedo decir sin temor a equivocarme que vale lo que cuesta.
El Nissan Kicks 2021 SR ofrece muchas funciones y caracter√≠sticas, especialmente en lo que respecta a seguridad y asistencia al conductor, como as√≠ tambi√©n algunas de las caracter√≠sticas tecnol√≥gicas, que no todos ofrecen en su segmento y claro que teniendo en cuenta el precio asequible de este veh√≠culo.
El Nissan Kicks es un crossover compacto muy √∫til para la vida urbana, adem√°s de ser muy atractivo y juvenil, especialmente con esta combinaci√≥n de colores (negro-naranja).¬† En cuanto a la conducci√≥n, como bien lo coment√© antes, es muy divertido de manejar.
En definitiva este es un veh√≠culo a tener muy en cuenta al momento de la compra, a√∫n sin llegar a ser el mejor de su segmento.




Relacionado


Siguenos por Twitter a trav√©s de  @Geeksroom y no te pierdas todas las noticias, cursos gratuitos y dem√°s art√≠culos.  Tambi√©n puedes seguirnos a trav√©s de nuestro canal de Youtube para ver nuestros v√≠deos y a trav√©s de Instagram para ver nuestras im√°genes!


","Review: Nissan Kicks 2021 SR, atractivo, juvenil y muy asequible"
"
En las pr√≥ximas semanas Google lanzar√° una nueva aplicaci√≥n Google Drive para escritorio, que incluye una serie de funciones nuevas, tanto para Windows, como as√≠ tambi√©n para macOS.
Drive para escritorio reemplazar√° a la aplicaci√≥n Backup and Sync (consumidores) y Drive File Stream (empresas).
Este nuevo cliente de sincronizaci√≥n unificado (reemplaza a Backup and Sync y permite sincronizar f√°cilmente y en segundo plano, el contenido del usuario que tiene en todos sus dispositivos y en la nube.
Imagen Google
Adem√°s tambi√©n los usuarios podr√°n acceder r√°pidamente al contenido directamente desde su escritorio.
La nueva aplicaci√≥n incluye las mejores funciones para consumidores y empresas.¬† Entre esas funciones tenemos las siguientes:

Carga y sincroniza fotos y videos en Google Photos y/o Google Drive
Sincroniza dispositivos de almacenamiento externo con la nube, incluidas unidades flash y discos duros externos
Copia los archivos de Drive en escritorio, que almacena sus archivos en el dispositivo local y permite un acceso m√°s r√°pido al contenido

Imagen Google
Google se√±ala que en las pr√≥ximas semanas los usuarios de Backup and Sync comenzar√°n a ver mensajes solicit√°ndoles que realicen la transici√≥n a Drive para escritorio, lo que el servicio recomienda hacer antes de septiembre de 2021.¬† Luego de esta fecha, los usuarios ver√°n una notificaci√≥n en la aplicaci√≥n notificar√° que deber√°n hacerlo si es que quieren continuar sincronizando sus archivos.
Para m√°s informaci√≥n sobre la transici√≥n de Backup and Sync a la nueva Google Drive pueden consultar el Centro de Ayuda de Google.
En cuanto a la transici√≥n para usuarios de empresas, pueden conocer m√°s detalles en el¬†blog de Google Workspace.



Relacionado


Siguenos por Twitter a trav√©s de  @Geeksroom y no te pierdas todas las noticias, cursos gratuitos y dem√°s art√≠culos.  Tambi√©n puedes seguirnos a trav√©s de nuestro canal de Youtube para ver nuestros v√≠deos y a trav√©s de Instagram para ver nuestras im√°genes!


",Google anuncia nueva aplicaci√≥n Drive para escritorio
"
De acuerdo a un reporte de la publicaci√≥n The Information, Amazon ha adquirido un equipo de m√°s de una docena de expertos en Internet inal√°mbrico de la divisi√≥n Sat√©lites de Internet de Facebook.
Esta compra tiene el objetivo de impulsar la multimillonaria inversi√≥n del proyecto de Amazon para lanzar miles de sat√©lites y ofrecer servicio de banda ancha en los EE. UU. y de varios pa√≠ses alrededor del planeta, informaci√≥n que fue confirmada por un portavoz de Facebook a la fuente del reporte.
Imagen cortes√≠a Pixabay
Si bien reci√©n ahora se conocen detalles, el equipo de empleados del Grupo de Sat√©lites de Internet de la red social ya est√°n trabajando en Amazon, en sus oficinas de Los √Ångeles, desde hace un poco m√°s de tres meses y m√°s precisamente desde Abril pasado.
El objetivo de los nuevos empleados de Amazon es ayudar a la empresa a acelerar el desarrollo de su red de sat√©lites de √≥rbita baja para ofrecer Internet inal√°mbrico para mediados de esta d√©cada, alrededor del 2025.
El equipo que comenz√≥ a trabajar en Amazon incluye f√≠sicos, ingenieros √≥pticos, ingenieros de creaci√≥n de prototipos, ingenieros mec√°nicos e ingenieros de software, todos los cuales ven√≠an trabajando desde hace bastante tiempo en sistemas aeron√°uticos y redes inal√°mbricas.
Por ahora no se conocen los t√©rminos del acuerdo para la adquisici√≥n de talento entre Amazon y Facebook.



Relacionado


Siguenos por Twitter a trav√©s de  @Geeksroom y no te pierdas todas las noticias, cursos gratuitos y dem√°s art√≠culos.  Tambi√©n puedes seguirnos a trav√©s de nuestro canal de Youtube para ver nuestros v√≠deos y a trav√©s de Instagram para ver nuestras im√°genes!


",Amazon adquiere el grupo de empleados de Sat√©lites de Internet de Facebook
"
La aplicaci√≥n de conferencias de audio Clubhouse, anunci√≥ el lanzamiento de Backchannel, similar a los mensajes directos de otras aplicaciones de social media.
Una funci√≥n que ha sido muy solicitada por los usuarios de Clubhouse, aplicaci√≥n que primero comenz√≥ con una versi√≥n para iOS y pronto se hizo muy popular.

Clubhouse hace poco tambi√©n se expandi√≥ integrando muchos m√°s usuarios, gracias al lanzamiento de su versi√≥n para terminales con sistema operativo Android.

My hat? TippedMy mic? FlashedMy messaging? Direct.
After we unintentionally leaked their feature 5 times, here's our beloved engineering team introducing the new Clubhouse Backchannel ü•∞ pic.twitter.com/3bPHeGxQaZ
‚Äî Clubhouse (@Clubhouse) July 14, 2021

Los mensajes privados entre usuarios es algo fundamental en este tipo de aplicaciones de social media.
Esta funci√≥n de mensajes directos, llamada Backchannel por los desarrolladores de la aplicaci√≥n, permite que dos usuarios o m√°s de dos usuarios en chat grupales, se comuniquen a trav√©s de mensajes.¬† Adem√°s incluye una segunda bandeja de entrada para solicitudes de mensajes.
Esto, como bien lo indica la empresa en el anuncio, permitir√° que por ejemplo los anfitriones de un canal programen una conferencia o charles acerca de una charla futura, por nombrar un par de ejemplos.
Adem√°s tambi√©n permitir√° a los administradores de canales responder preguntas o realizar otras cosas que quiz√°s sea mejor tratar en privado y no a trav√©s de una conferencia p√∫blica.
Si necesitan m√°s informaci√≥n sobre la nueva funci√≥n Backchannel, pueden obtenerla en el Centro de Ayuda de Clubhouse.



Relacionado


Siguenos por Twitter a trav√©s de  @Geeksroom y no te pierdas todas las noticias, cursos gratuitos y dem√°s art√≠culos.  Tambi√©n puedes seguirnos a trav√©s de nuestro canal de Youtube para ver nuestros v√≠deos y a trav√©s de Instagram para ver nuestras im√°genes!


","Clubhouse anuncia Backchannel, sistema de mensajes directos"
"
Microsoft acaba de anunciar Windows 365, un servicio en la nube que presenta una nueva forma para empresas de experimentar Windows 10 o Windows 11 (cuando est√© disponible).
Windows 365 lleva el sistema operativo a la nube de Microsoft, transmitiendo de forma segura la experiencia completa de Windows, incluidas todas sus aplicaciones, datos y configuraciones, a sus dispositivos personales o corporativos. De acuerdo a Microsoft este enfoque ‚Äúcrea una categor√≠a de computaci√≥n personal completamente nueva, espec√≠ficamente para el mundo h√≠brido: la PC en la nube‚Äú.
Imagen Microsoft
De esta manera se expanden las posibilidades de acceso remoto tanto para organizaciones e individuales, ya que por ejemplo los usuarios pueden utilizar este servicio para acceder a una PC virtual configurada con aplicaciones de trabajo desde la PC de su hogar o desde un dispositivo que no sea Windows, como un ordenador Mac o Linux, adm√°s de una tableta, ya sea iPad o Android.
Imagen Microsoft
De acuerdo a la empresa de Redmond, el nuevo Windows 365 proporciona una experiencia de arranque instant√°neo que permite a los usuarios transmitir todas sus aplicaciones, herramientas, datos y configuraciones personalizadas desde la nube en cualquier dispositivo.¬† ¬†La experiencia para los usuarios con Windows 365 ser√° consistente, sin importar el dispositivo.¬†¬†Los usuarios podr√°n interrumpir sus tareas y continuar justo desde donde las interrumpi√≥, ya el estado de la PC en la nube sigue siendo el mismo, a√∫n cuando el usuario cambia de dispositivo.
Windows 365 es compatible con Microsoft 365, Microsoft Dynamics 365, Microsoft Power Platform, aplicaciones de l√≠nea de negocios y m√°s.
Al desarrollar Windows 365 Microsoft tuvo en cuenta un principio de dise√±o muy importante: La simplicidad.¬† Los usuarios podr√°n elegir el tama√±o de PC en la nube que m√°s les convenga seg√∫n las necesidades de rendimiento.¬† En este caso existen dos opciones de PC en la nube: Windows 365 Business y¬†Windows 365 Enterprise.
En cuanto a la tarea de los administradores de TI, Microsoft desarroll√≥ Windows 365 para que sea coherente con la forma en que los administradores gestionan sus dispositivos f√≠sicos.¬† Las PCs en la nube aparecer√°n junto a los dispositivos f√≠sicos en Microsoft Endpoint Manager Admin Center, lo que permite aplicar pol√≠ticas de administraci√≥n y seguridad, tal como lo hace con todos sus dispositivos f√≠sicos.
Imagen Microsoft
Microsoft en la actualidad ofrece un producto que las empresas utilizan para ofrecer acceso remoto a computadoras Windows basadas en la nube, llamado Azure Virtual Desktop (hasta hace un mes llamado Windows Virtual Desktop).
Windows 365 se basa en¬†Azure Virtual Desktop, pero con la diferencia de que el nuevo Windows en la nube simplifica la experiencia de virtualizaci√≥n, gestionando la mayor√≠a de los detalles, en lugar de que lo haga el usuario.
El Vicepresidente Corporativo de Microsoft, Jared Spataro, en una entrevista realizada por CNBC, se√±al√≥ que ‚Äúla experiencia de utilizar Windows 10 o Windows 11 a trav√©s de Windows 365 ser√° la misma que en Azure Virtual Desktop‚Äú.
Microsoft no revel√≥ precios sobre Windows 365, cosa que har√° el pr√≥ximo 2 de Agosto, cuando el servicio est√© disponible en forma general para las organizaciones.¬†¬†Lo que si comentaron es que las organizaciones podr√°n pagar por usuario por mes por la cantidad de escritorios que utilizan y elegir configuraciones espec√≠ficas con espacio de computaci√≥n, almacenamiento y memoria para diferentes escritorios. Los administradores podr√°n actualizar los escritorios cuando quieran con solo con un clic.
Para obtener m√°s informaci√≥n pueden visitar la nueva p√°gina de Microsoft Windows 365.



Relacionado


Siguenos por Twitter a trav√©s de  @Geeksroom y no te pierdas todas las noticias, cursos gratuitos y dem√°s art√≠culos.  Tambi√©n puedes seguirnos a trav√©s de nuestro canal de Youtube para ver nuestros v√≠deos y a trav√©s de Instagram para ver nuestras im√°genes!


","Microsoft introduce Windows 365 Cloud PC, ordenadores basados en la nube"
"
De acuerdo al Centro de Ayuda de Google, las v√≠deo llamadas grupales sin l√≠mite a trav√©s de Google Meet para cuentas gratis de Gmail, han llegado a su fin.
A partir de ahora, los usuarios con cuentas gratuitas de Gmail que inician inician v√≠deo llamadas grupales a trav√©s de Google Met solo podr√°n mantenerla activa por 60 minutos.
EL a√±o pasado con la declaraci√≥n de la pandemia de COVID-19, muchas empresas comenzaron a ofrecer varias caracter√≠sticas premium de sus servicio en forma gratuita, pero como vemos poco a poco todo va llegando a su fin y si bien 1 hora de v√≠deo llamada no es para despreciar, en muchos casos genera contratiempos.
Imagen cortes√≠a Google
Adem√°s de la cantidad de personas que utilizaron Meet para reuniones en l√≠nea con varios miembros de su trabajo, tambi√©n las familias utilizaron Meet por la pandemia, sosteniendo v√≠deo llamadas que sobrepasaban largamente los 60 minutos l√≠mite que hoy Google ofrece para las cuentas gratis de Gmail.
En un principio Google anunci√≥ las llamadas grupales sin l√≠mite en Abril del a√±o pasado y por un per√≠odo que se extender√≠a hasta Septiembre del 2020, pero luego extendi√≥ el ofrecimiento hasta Marzo 31 de este a√±o y luego volvi√≥ a extenderlo hasta el 30 de Junio, cosa que no volvi√≥ a repetir y ahora si, el l√≠mite existe.
Ahora los usuarios que se encuentran en una v√≠deo llamada grupal, cuando llegan a los 55 minutos recibir√°n una notificaci√≥n de que el tiempo de la v√≠deo llamada est√° a punto de finalizar.
Las llamadas individuales entre dos personas seguir√°n siendo ilimitadas.



Relacionado


Siguenos por Twitter a trav√©s de  @Geeksroom y no te pierdas todas las noticias, cursos gratuitos y dem√°s art√≠culos.  Tambi√©n puedes seguirnos a trav√©s de nuestro canal de Youtube para ver nuestros v√≠deos y a trav√©s de Instagram para ver nuestras im√°genes!


",Google termina las v√≠deo llamadas sin l√≠mite en Meet para cuentas gratis de Gmail
"
Xiaomi acaba de apoderarse del segundo lugar entre los mayores proveedores de tel√©fonos inteligentes, de acuerdo a los env√≠os mundiales en el segundo trimestre de este a√±o.
El √∫ltimo informe de la firma Canalys, corrobor√≥ esta noticia, adem√°s del descenso de Apple al tercer lugar.
Imagen Pixabay
En estos momentos Xiaomi con el 17% de la participaci√≥n en del mercado mundial, se encuentra detr√°s de la firma coreana Samsung que en la actualidad sigue siendo el primero entre los vendedores de smartphones, con el 19% del total del mercado global.¬† Apple, si bien creci√≥ un 1%, se encuentra en tercer lugar con el 14% del mercado global.
A trav√©s de un tweet la firma china celebr√≥ su logro, agradeciendo a los ‚Äúentusiastas de MI‚Äù y mostrando los porcentajes de cuota de mercado de las primeras 5 firmas.

We've moved up one more spot! Just in from @Canalys, we are now the 2nd largest smartphone brand worldwide in terms of shipments. This amazing milestone couldn't have been achieved without our beloved Mi Fans! #NoMiWithoutYou
RT with ‚úåÔ∏èfrom your Xiaomi smartphone üôÇ pic.twitter.com/kKfuTK8K7J
‚Äî Xiaomi (@Xiaomi) July 15, 2021

Como pueden observar en el tweet anterior, la firmas chinas Oppo y Vivo, se encuentran en el cuarto y quinto lugar respectivamente, cada una con el 10% de la cuota de mercado.
Adem√°s y tambi√©n del gr√°fico publicado por Xiaomi se puede ver que las 3 firmas con m√°s crecimiento en el trimestre fueron Xiaomi con el 83%, Oppo con el 28% y Vivo con el 27%.¬† Luego les sigue Samsung con el 15% y Apple en quinto lugar con solo el 1% de crecimiento.
El reporte completo del segundo trimestre del 2021 sobre el mercado mundial de tel√©fonos inteligentes lo pueden ver en el sitio de Canalys.



Relacionado


Siguenos por Twitter a trav√©s de  @Geeksroom y no te pierdas todas las noticias, cursos gratuitos y dem√°s art√≠culos.  Tambi√©n puedes seguirnos a trav√©s de nuestro canal de Youtube para ver nuestros v√≠deos y a trav√©s de Instagram para ver nuestras im√°genes!


","Xiaomi se apodera del segundo lugar entre los vendedores de smartphones, Apple desciende al tercer puesto"
"
Como ya todos saben, la primera versi√≥n de prueba de Windows 11 ya se puede descargar a trav√©s del programa Windows Insider.
El nuevo sistema operativo de Microsoft incluye muchas caracter√≠sticas nuevas y una visual mucho m√°s agradable a la vista, adem√°s de que internamente incluye varias mejoras con respecto a su antecesor que mejoran la productividad.
Imagen Microsoft
En Geek‚Äôs Room ya estamos probando Windows 11 en diferentes PC‚Äôs y Laptops. Hasta ahora y a pesar de algunos bugs menores, estamos bastante complacidos con las nuevas funciones y caracter√≠sticas.¬†¬†Por supuesto que no recomendamos instalar esta versi√≥n de prueba en un ordenador que utilizan para trabajar, ya que todav√≠a es muy temprano para confiar completamente y se pueden encontrar con alg√∫n bug que por ah√≠ les causa problemas.
Como sucede en la mayor√≠a de estos casos, el nuevo sistema operativo, adem√°s de los atajos de teclado que uno conoce de la versi√≥n anterior, tambi√©n incluye algunos nuevos atajos que por supuesto permiten trabajar m√°s eficientemente.
A continuaci√≥n tienen los nuevos atajos de teclado que incluye Windows 11, adem√°s de los atajos familiares que todos conocemos de otras versiones de Windows:

Windows + A: abre Configuraci√≥n r√°pida, lo mismo que hacer clic en los √≠conos de volumen y de en la barra de tareas.
¬†
Windows + N: abre el Centro de notificaciones a la derecha de la pantalla
¬†
Windows + W: abre el panel de widgets a la izquierda de la pantalla
¬†
Windows + Z: abre el panel Snap Layouts en la parte superior derecha de la ventana o aplicaci√≥n actualmente activa




Relacionado


Siguenos por Twitter a trav√©s de  @Geeksroom y no te pierdas todas las noticias, cursos gratuitos y dem√°s art√≠culos.  Tambi√©n puedes seguirnos a trav√©s de nuestro canal de Youtube para ver nuestros v√≠deos y a trav√©s de Instagram para ver nuestras im√°genes!


",Estos son los nuevos atajos de teclado de Windows 11
