body,title
"

ZTE utilizó a México como el escenario para la presentación oficial de los nuevos integrantes de su familia de gama media: los ZTE Blade V30 y Blade V30 Vita son oficiales y México es el primer país al que llegarán. 


Los Blade V30 y Blade V30 Vita estarán disponibles en México a partir del 22 de julio en el catálogo de Telcel, es decir que también estarán disponibles en numerosos distribuidores autorizados del operador en el país. Sus precios serán:
 



Blade V30, 4/128 GB: 6,199 pesos
Blade V30 Vita, 3/128 GB: 5,099 pesos

ZTE Blade V30 y Blade V30 Vita en México, características técnicas
        ZTE Blade V30   ZTE Blade V30 Vita      Pantalla   6.67 pulgadas
Resolución FullHD+
Agujero en pantalla   6.82 pulgadas
Resolución HD+
Notch de gota     Chipset   UNISOC T618   Octa-core a 1.6 GHz     Memoria RAM y almacenamiento   4 GB de RAM
128 GB de almacenamiento, expansible con microSD hasta 512 GB   3 GB de RAM
128 GB de almacenamiento, expansible con microSD hasta 512 GB     Sistema operativo   Android 11 con capa MyFlavorOS   Android 11 con capa MyFlavorOS     Cámaras traseras   Cuádruple: 64 megapixeles f/1.8 principal
8 megapixeles ultra gran angular con campo de visión de 120
5 megapixeles macro hasta 3 cm
2 megapixeles para profundidad   Triple: 48 megapixeles f/1.8 principal
5 megapixeles macro hasta 3 cm
2 megapixeles para profundidad     Cámara frontal   16 megapixeles   8 megapixeles     Batería   5,000 mAh con carga rápida de 18W por USB Type-C   5,000 mAh con carga por USB Type-C     Otros   Sensor de huellas lateral
4G LTE
Jack 3.5 mm de audio   Sensor de huellas lateral
4G LTE
Jack 3.5 mm de audio     Precio   6,199 pesos   5,099 pesos    
    
Los nuevos smartphones de ZTE sigue la línea técnica de la familia Blade, con prestaciones enfocadas a la gama media, pero ahora ambos Blade V30 y Blade V30 Vita reciben un merecido rediseño con las líneas estéticas del Axon 30 Ultra.

El Blade V30 tiene pantalla de 6.67 pulgadas FullHD+ con agujero para la cámara frontal, chipset UNISOC Tiger T168 (el mismo que el del Axon 20 que llegó a México), 4 GB de RAM y 128 GB de almacenamiento expandible. Cuatro cámaras son sensor principal de 64 megapixeles son su principal característica, junto con una gran batería de 5,000 mAh con carga rápida de 18W. 

      Blade V30 Vita  
Por otro lado, el Blade V30 Vita crece en tamaño hasta las 6.82 pulgadas, pero se queda con resolución HD+ y notch de gota. En potencia, usa un chipset octa-core no especificado apoyado por 3 GB de RAM, pero también 128 GB de almacenamiento expandible. Las cámaras en su espalda con tres, lideradas por un sensor principal de 48 megapixeles, y mantiene la batería de 5,000 mAh, pero no se especifica si tiene carga rápida.  

Es importante mencionar que a pesar de que en la presentación solo se mencionó la disponibilidad de los Blade V30 y Blade 30 Vita con Telcel, la página de ZTE México menciona que también estarán disponibles con AT&T, Movistar y en tiendas como Amazon, Coppel, Elektra, entre otras. 

    
Así es como ZTE refuerza su catálogo de smartphones para México y renueva sus opciones disponibles para los usuarios. Sin embargo, la competencia también ha hecho lo propio e incluso han llegado nuevos nombres al mercado nacional y la competencia está más reñida que nunca.















    Compartir
    
           ZTE Blade V30 y Blade V30 Vita llegan a México: cuatro cámaras y 5,000 mAh para la gama media, lanzamiento y precio oficial
         


Facebook
Twitter
Flipboard
E-mail



Temas

Celulares y Smartphones


México
Telcel
ZTE




","
         ZTE Blade V30 y Blade V30 Vita llegan a México: cuatro cámaras y 5,000 mAh para la gama media, lanzamiento y precio oficial   "
"

A partir del 1 de agosto, todos los vehículos particulares de Jalisco, así como los de uso intensivo deberán realizar -sí, de forma obligatoria- una prueba de verificación. El programa se llama Verificación Responsable y sería implementado para garantizar la calidad del aire en aquel estado.


Como en otras entidades en donde también se aplica esta medida, Verificación Responsable tiene como objetivo que los vehículos que circulan dentro de Jalisco se encuentren dentro de los límites máximos permisibles de CO2. Para ello, los propietarios de los autos, camionetas y camiones deberán afinarlos, haber llevado un mantenimiento físico-mecánico de manera previa y dar servicio al motor para aprobar la prueba.
 


La verificación tendrá un precio de 500 pesos, pero, si es fuera del tiempo en los meses que al auto le correspondía, el costo aumentará 50 pesos, quedando en 550. De acuerdo con el gobierno del estado, con una parte de este precio se cubrirá  el costo del proveedor de tecnología y la operación de los Centros de Verificación Responsable, y lo restante se donará al Fondo Ambiental.

En caso de no pasar la prueba, el propietario deberá llevar el auto a mantenimiento para solucionar los fallos que pudiera tener para acudir a una segunda oportunidad, la cual no tiene costo en el mismo centro de verificación, pero deberá realizarla en el lapso correspondiente. Si llegase a reprobar una segunda vez, la tercera prueba en adelante ya costará 550 pesos.

Calendario de verificaciones
El calendario de verificaciones comenzará con los vehículos particulares cuyas placas terminen en 7. Abarcará todo el mes de agosto y septiembre; después, en septiembre-octubre se verificarán los que terminen 8, octubre-noviembre en 9, y así sucesivamente hasta llegar a los que terminan en 6 en julio-agosto de 2022.

    
En el caso de los vehículos de uso intensivo (taxis, autos de plataformas de movilidad, pickups, parque oficial y diésel), la verificación contemplará dos números de terminación, es decir, ahora en agosto-septiembre, el turno será de los que terminen en números 3 y 4, mientras que en septiembre-octubre los que su último número sea 5 y 6, y así sucesivamente hasta llegar a 1 y 2 en julio-agosto de 2022.

    
Así se saca una cita para verificar
Los tapatíos deberán tomar en cuenta que el proceso comienza con sacar una cita, la cual sólo se programa a través de internet. Estos son los pasos a seguir:


Ingresar a https://verificacionresponsable.jalisco.gob.mx/. Habrá que tener a la mano la tarjeta de circulación
Seleccionar el botón “Hacer cita”
Selecciona el Centro de Verificación Responsable más cercano, o busca en el mapa interactivo
Ingresar los datos personales y del vehículo
Elegir una fecha y horario para realizar la prueba
Realizar el pago y una vez que se vea reflejado, continuar con el proceso

Toma en cuenta que los centros de verificación no aceptan pagos en efectivo, por lo que deberás acudir ya con el pago hecho en tiempo y forma.

En esto consiste la verificación
Cuando llegues al centro de verificación, el encargado de realizar el proceso revisará primero visualmente los componentes que forman parte de los sistemas de control de emisiones del auto (motor, escape), después seguirá con un seguimiento de estos a través de una medición de emisiones.

Por ello,  antes de tu visita es recomendable monitorear los fluidos del motor en su nivel (aceites y anticongelantes), llantas en buen estado y con la presión correcta, mangueras de refrigeración en buen estado y que el auto esté limpio.

    
Sanciones y exentos
Por ahora, el gobierno de Jalisco no impondrá multas monetarias a aquellos que no verifiquen sus vehículos, por lo que, en una primera etapa sólo se castigará con una amonestación que comenzará el próximo 1 de octubre. Sin embargo, a partir del 1 de enero de 2022, ya no habrá tolerancia y comenzarán las multas, aunque por ahora no se dieron los costos de las multas.

Como ocurre en la Ciudad de México, los vehículos eléctricos e híbridos enchufables están exentos de pasar por la verificación como estímulo fiscal y porque no emiten CO2 mientras circulan. Si estás pensando en cambiarte a un auto eléctrico y así evitar el pago de impuestos, aquí te contamos cuál es el modelo más barato que está disponible en México.

Pase de Estancia Temporal
Si vas de vacaciones, por motivos de trabajo o personales al Área Metropolitana de Guadalajara en tu auto o camioneta, deberás tramitar un Pase de Estancia Temporal, un permiso gratuito que permite circular de manera temporal por ahí en un vehículo con placas de otro estado y así evitar realizar la verificación.

Ojo, este pase es válido sólo 20 días y se tramitará próximamente en el sitio web oficial del programa. En cambio, si vas a circular por más tiempo, será necesario verificar al igual que cualquier automóvil con placas jaliscienses.

En total, en Jalisco deberán verificarse un total de 3 millones 710 mil vehículos. En este arranque del programa deberán ser 250,000 los autos particulares verificados, pues son los registrados con placas terminación 7, mientras que los de uso intensivo terminación 3 y 4 son 9,457.

Con esta medida, Jalisco se suma a la Ciudad de México, el Estado de México, Michoacán y Guanajuato, estados en los que la verificación vehicular es obligatoria; mientras que si circulas en municipios del Estado de México, Hidalgo, Tlaxcala, Puebla y Morelos, es obligatorio que cuentes con esta evaluación, aunque en donde vivas, no sea requisito.















    Compartir
    
           Qué es la Verificación Responsable: Jalisco inicia su nuevo programa de verificación, esto costará, exentos y multas
         


Facebook
Twitter
Flipboard
E-mail



Temas

Automóvil


Jalisco
verificación
Verificación Responsable




",
"

El Gobierno de CDMX dio a conocer este sábado en conferencia de prensa el plan de la jornada de vacunación de la semana del 19 al 24 de julio. Esta es importante porque se terminará la aplicación de primera dosis para todos los adultos de 30 a 39 años, y además también terminará la aplicación de segunda dosis para adultos de 50 a 59 años.


Después de las primeras dos jornadas de vacunación de adultos de 30 a 39 años, el gobierno pretende vacunar a casi un millón de adultos de esta edad en las alcaldías restantes de CDMX: Tláhuac, Miguel Hidalgo, Azcapotzalco, Benito Juárez, Coyoacán, Gustavo A. Madero, Venustiano Carranza, Álvaro Obregón y Tlalpan. 
 


Las fechas de vacunación para las alcaldías Tláhuac, Miguel Hidalgo, Azcapotzalco, Benito Juárez, Coyoacán, Gustavo A. Madero, y Tlalpan serán del 20 al 24 de julio, con la siguiente división de nombres por día:

    
La vacunación de las alcaldías Álvaro Obregón y Venustiano Carranza comenzará al final de la misma semana y abarcará hasta el martes 27 de julio. Así se dividirán los nombres por días:

    
En todos los casos serán necesario el registro en el sitio Mi Vacuna y acudir a la cita (cuyos detalles llegarán en un mensaje de texto) con identificación oficial, comprobante de domicilio y expediente de vacunación impreso. Todos los detalles, junto con las sedes de vacunación se podrán consultar en el sitio Vacunación CDMX. A manera de resumen, aquí una tabla con las alcaldías, sedes y vacuna que será aplicada: 

      Alcaldía   Sede   Vacuna      Tlalpan   Instituto Nacional de Medicina Genómica
Escuela Nacional Preparatoria número 5   AstraZeneca     Tláhuac   Unidad Habitacional Militar El Vergel   Sputnik V     Miguel Hidalgo   Campo Marte   Sputnik V     Azcapotzalco   Arena Ciudad de México   Sputnik V     Benito Juárez   Unidad de Congresos del Centro Médico Siglo XXI   Sputnik V     Coyoacán   Centro De Estudios Navales en Ciencias de la Salud
Centro de Exposiciones de Ciudad Universitaria   Sputnik V     Gustavo A. Madero   Centro Cultural Jaime Torres Bodet
Escuela Nacional Preparatoria #9   Sputnik V    Álvaro Obregón   Estadio de Ciudad Universitaria
Expo Santa Fe   Sputnik V    Venustiano Carranza   Palacio de los Deportes
   Sputnik V    
Además, también se dio a conocer que cualquier adulto mayor de 30 años que no se vacunó cuando correspondía, podrá acudir a cualquier unidad de vacunación de su conveniencia para recibir la primera dosis, respetando el día de aplicación de acuerdo con la letra del primer apellido.

Si tienes más de 30 años y no te vacunaste cuando te correspondía, a partir del 20 de julio puedes asistir a cualquier sede donde se aplique 1ª dosis para recibir la vacuna según tu primer apellido.Los invito a vacunarse y seguirnos cuidando.(3/3) pic.twitter.com/AetqDfZBAX— Claudia Sheinbaum (@Claudiashein) July 17, 2021 

Con todo esto, al final de la jornada el 27 de julio, se habrá vacunado contra COVID a todos los adultos de 30 a 39 años de CDMX con al menos una dosis, según las estimaciones del gobierno.

Adultos de 50 a 59 años, vacunados con esquema completo
Finalmente, durante esta misma jornada se aplicará segunda dosis de Sputnik V a todos los adultos de 50 a 59 años en las alcaldías Álvaro Obregón e Iztacalco. La vacunación será del 19 al 22 de julio con división por letras de la siguiente manera: 

    
Al término de esta jornada, se habrá aplicado esquema completo de vacunación con dos dosis de Sputnik V a todos los adulos de 50 a 59 años de CDMX, según el gobierno.  

Después de esto, el siguiente paso será comenzar la vacunación de adultos a partir de 18 años, cuyo registro se abrió la semana pasada y marca el último paso del plan de vacunación, muy necesario ahora que la tercera ola de COVID ha mostrado un incremento desenfrenado de contagios. 















    Compartir
    
           Vacunación contra COVID en CDMX: próxima semana terminará aplicación de primera dosis a adultos de 30 a 39 años, estas serán las sedes
         


Facebook
Twitter
Flipboard
E-mail



Temas

Medicina y Salud


CDMX
Coronavirus
Coronavirus en México




","
         Vacunación contra COVID en CDMX: próxima semana terminará aplicación de primera dosis a adultos de 30 a 39 años, estas serán las sedes   "
"

Valve nos acaba de sorprender con Steam Deck, su consola híbrida que tiene una inspiración evidente en el Nintendo Switch, pero con la diferencia que correrá todos los títulos de Steam en PC.

Aclararon que lo único que se necesitará será iniciar sesión con nuestra cuenta de Steam para que aparezca la misma biblioteca que tenemos en PC. 
 











Características de Steam Deck
      Steam Deck        Pantalla   7 pulgadas     Tipo de pantalla   LCD     Resolución   1280 x 800     APU   AMD     CPU   Zen 3 4c/8t, 2.4-3.5     GPU   8 RDNA 2 CUs, 1-1.6     GHz   Hasta 1.6 TFlops FP32     Potencia APU   4-15 W     RAM   16 GB LPFFR5     Duración de la batería   Hasta 8 horas, dependiendo el juego    

Todos los juegos de PC, en modo portátil
Valve señaló que para la creación de la consola se asociaron con AMD para crear una APU personalizada y optimizada para los juegos portátiles, combinando el procesamiento Zen 2 + RFNA 2 para asegurar el rendimiento de los títulos catalogados como AAA.








Nintendo Switch Lite - Turquesa


PVP en Amazon México $4,799.00








    
Respecto a los sticks analógicos, mencionan que fueron creados para tener sesiones de juego muy largas, priorizando que el tamaño y la distancia de los botones hagan que la mayoría de los usuarios se pueda adaptar.

En la parte frontal contaremos con dos palancas colocadas del lado izquierdo y derecho, además de la clásica cruceta que estará colocada del lado izquierdo de uno de los joystick. Contaremos con los botones clásicos X,Y,A y B, además de accesos a los menús y paneles táctiles para desplazarnos por el menú.

    
En la parte superior tendemos el R1, R2, L1, L2, mientras en la parte trasera también tendremos otros cuatro botones para personalizarlos a funciones específicas.

La consola es híbrida porque también existe un diminuto dock para poder mandar la imagen de la consola directamente a una pantalla o monitor. Aclararon que se venderá por separado y se darán más detalles en un futuro.

    
Precio y disponibilidad del Steam Deck
Su lanzamiento se tiene planeado para algún momento de diciembre y contará con tres diferentes versiones.

Steam Deck de 64 GB eMMC

Estuche de transporte
Precio: 399 dólares

Steam Deck de 256 GB NVMe SSD

Almacenamiento más rápido
Estuche de transporte
Lote de perfil exclusivo de la comunidad Steam
Precio: 529 dólares

Steam Deck de 512 GB NVMe SSD

Almacenamiento más rápido
Pantalla antirreflectante de primera calidad
Estuche de transporte exclusivo
Lote de perfil exclusivo de la comunidad Steam
Teclado virtual con tema exclusivo
Precio: 649 dólares

    
La empresa mencionó que los únicos países considerados para el lanzamiento son Estados Unidos, Canadá, Reino Unido y la Unión Europea.

Recordemos que es el primer intento de Steam por competir con el mercado de consolas, en 2015 lanzaron las Steam Machines, una especie de consola y computadora que contaba con SteamOS como sistema operativo y algunos fabricantes decidieron unirse con diferentes modelos, al final no tuvo el impacto esperado.

    





    Compartir
    
           Steam Deck, el Nintendo Switch de Valve con procesador AMD, SSD de hasta 512 GB, dock para TV  y compatibilidad total con Steam
         


Facebook
Twitter
Flipboard
E-mail



Temas

Videojuegos


Steam




","
         Steam Deck, el Nintendo Switch de Valve con procesador AMD, SSD de hasta 512 GB, dock para TV  y compatibilidad total con Steam   "
"

Mercado Libre es un importante aliado en México de las plataformas de streaming que llegan al país, con importantes ofertas y promociones para sus usuarios. Sin embargo, de manera muy sorpresiva, ahora ha lanzado la que se puede considerar su promoción más importantes hasta ahora: Disney+ gratis, pero solo para algunos usuarios.


Usuarios nivel 6 de Mercado Libre reportan desde hace algunos días que han recibido una notificación de la aplicación que anuncia el nuevo beneficio de la suscripción a Disney+ gratis, siempre y cuando mantengan el nivel 6. En el caso de que el usuario baje de nivel, se cobrará la suscripción a la plataforma, según explica la propia app.
 


    
El detalle importante a tener en cuenta es que el beneficio de Disney+ gratis solo aplica para los usuarios nivel 6 de Mercado Libre. Este es el nivel más alto en la plataforma y se alcanza, según la página web, al acumular 4,000 puntos, mismos que se adquieren al realizar compras en Mercado Libre y pagos en Mercado Pago. 

En general, Mercado Libre ofrece varios beneficios a sus usuarios, no solo con la suscripción a Disney+ sino también para otras plataformas. Por ejemplo, en mi caso por ser nivel 3 me ofrece dos meses gratis de Disney+ más descuento en la suscripción, 20% de descuento en HBO Max, entre otros.

Lo dicho, Mercado Libre es un importante aliado para las plataformas de streaming en México, desde ahora Disney+ hasta más recientemente HBO Max, pasando por Paramount.










Muchas gracias a Alex y Aldo en Twitter por el tip, y a Teshi8 del servidor de Discord de Xataka México por las capturas de pantalla.
 




    Compartir
    
           Disney Plus gratis para usuarios de Mercado Libre en México: un beneficio exclusivo solo para algunos
         


Facebook
Twitter
Flipboard
E-mail



Temas

Streaming


México
Mercado Libre
Disney Plus




","
         Disney Plus gratis para usuarios de Mercado Libre en México: un beneficio exclusivo solo para algunos   "
"

En noviembre de 2020 fueron llamados a revisión en Estados Unidos 68,667 Chevrolet Bolt eléctricos que se fabricaron en 2017 y 2019 por problemas con la batería. De esos autos reparados, dos recientemente se incendiaron y ahora Chevrolet vuelve a llamar estos modelos para retirarlos nuevamente a revisión.


Uno de los incendios ocurrió mientras el vehículo se cargaba en la casa de un legislador del estado de Vermont a principios de este mes. El otro incendio ocurrió en Nueva Jersey, dijo un portavoz de GM.
 


      Así quedó el Bolt del legislador de Vermont.  
Como medida precautoria, Chevrolet pidió a los propietarios de estos autos, que no carguen los eléctricos durante la noche y que mejor los estacionen fuera:


""Por precaución, estamos pidiendo a los propietarios de Chevrolet Bolt EV 2017-2019 que fueron parte de la población del retiro del mercado a estacionar sus vehículos al aire libre inmediatamente después de la carga y no dejar sus vehículos cargando durante la noche mientras investigamos estos incidentes""

La Administración Nacional de Seguridad del Tráfico en las Carreteras (NHTSA por sus siglas en inglés) de Estados Unidos también emitió la misma advertencia a los propietarios ayer por la noche y comentó que aún se encuentra investigando el problema y los dos nuevos incendios. Además, comentó a los propietarios que ellos mismos pueden ingresar su número de VIN en esta página para verificar si su Bolt está incluido en la revisión.

La posible causa
De acuerdo con la NHTSA, los paquetes de celdas de batería en los vehículos impactados tienen el potencial de ""fumar"" y encenderse internamente, lo que podría extenderse al resto del vehículo y causar un incendio en la estructura si el vehículo está estacionado dentro de un garaje o cerca de una casa.

    
Por su parte, GM no ha emitido información alguna sobre las causas de los incendios, pero estos modelos de Bolt usan las mismas celdas de LG Chem que el Hyundai Kona EV, el cual fue llamado a revisión después de múltiples informes de incendios y que fue sacado del mercado por completo en Corea del Sur.

Hasta ahora se han documentado nueve incendios de Bolts en Estados Unidos, por lo que Chevrolet decidió mejor recomprar docenas de estos eléctricos que presentan ""riesgo de incendio"", esta medida ayudaría a calmar a clientes descontentos y así evitar llegar a tribunales por demandas colectivas.

Apenas en mayo pasado, Chevrolet confirmó que su nueva Bolt EUV 2022 llegará a México durante el segundo trimestre de este año. Se trata de la primera SUV compacta totalmente eléctrica de la compañía, la cual presume una autonomía de hasta 397 km con una sola carga, sin embargo aún no se sabe el precio o las versiones en las que estará disponible.















    Compartir
    
           Dos Chevrolet Bolt eléctricos se incendian: GM pide a los propietarios no dejar cargándolos toda la noche y estacionarlos fuera de la casa
         


Facebook
Twitter
Flipboard
E-mail



Temas

Automóvil


Batería
Chevrolet
Incendio
Bolt
Bolt EV




","
         Dos Chevrolet Bolt eléctricos se incendian: GM pide a los propietarios no dejar cargándolos toda la noche y estacionarlos fuera de la casa   "
"

Junto con HarmonyOS, Huawei presentó en junio pasado una oleada de nuevos productos, entre ellos la cuarta generación de sus audífonos true-wireless con cancelación de ruido, los FreeBuds 4. Y la buena noticia es que no hemos tenido que esperar mucho para verlos en México.


Los Huawei FreeBuds 4 llegan a México con un precio oficial de 2,999 pesos, y estarán disponibles a partir de 22 de julio en la tienda en línea de la compañía. Posteriormente, del 29 de julio al 4 de agosto estarán en preventa en Amazon México por el mismo precio, y a partir del 5 de agosto se podrán comprar en Mercado Libre, Telcel, Liverpool, Coppel y las tiendas físicas Huawei Experience Store.
 











En Xataka México

Probamos HarmonyOS en México: la promesa de Huawei de un competidor para iOS y Android es sólida, pero aún tiene mucho por delante



Huawei FreeBuds 4 en México, características técnicas
        Huawei FreeBuds 4      Dimensiones y peso   Auriculares: 41.4 x 16.8 x 18.5 mm, 4.1 gramos cada uno
Estuche: 58 x 21.2 mm, 38 gramos     Drivers y códecs   14.3 mm     Conexión y compatibilidad   Bluetooth 5.2
Conexión con dos dispositivos al mismo tiempo     Batería   30 mAh cada auricular, hasta 4 horas de reproducción sin cancelación de ruido
410 mAh en el case, hasta 22 horas de carga, sin cancelación de ruido Carga por USB Type-C     Otros   Cancelación activa de ruido
Controles táctiles
Certificación IPX4 contra agua     Precio   2,999 pesos    
    
Los FreeBuds 4 mantienen el diseño de generaciones pasadas, con formato abierto, pero más pequeño y cómodo según Huawei, además de que mejoran su sonido y tecnología de cancelación de ruido, logrando cancelar sonidos de hasta 25 dB, según las cifras oficiales. 








Huawei FreeBuds 4i - Audífonos Inalámbricos (Conexión Bluetooth 5.2, Cancelación de Sonido Durante Llamada) - Blanco


PVP en Amazon México $1,499.00








Además, Huawei presume del análisis del eco del oído para ajustar mejor la cancelación de ruido dependiendo de la situación. Esto complementa la inteligencia artificial en los audífonos que analiza y adapta automáticamente el sonido para ofrecer una experiencia de audio personalizada para cada usuario. Además, los FreeBuds 4 presumen de conexión simultánea con dos dispositivos. 

En cuanto a autonomía, Huawei promete hasta 4 horas de reproducción y hasta 22 horas de carga extra en el estuche de los FreeBuds 4, todo esto con la cancelación de ruido desactivada. Al activar la cancelación de ruido la autonomía se reduce a 2.5 horas y 14 horas, respectivamente.















    Compartir
    
           Huawei FreeBuds 4 llegan a México: mejor sonido y mejor cancelación de ruido, lanzamiento y precio oficial
         


Facebook
Twitter
Flipboard
E-mail



Temas

Audio
Accesorios


México
Huawei
FreeBuds 4




","
         Huawei FreeBuds 4 llegan a México: mejor sonido y mejor cancelación de ruido, lanzamiento y precio oficial   "
"

Después de la llegada del soporte multidispositivo, WhatsApp está probando otra importante mejora: las copias de seguridad en la nube encriptadas. Estas ofrecerán un nuevo y mayor nivel de seguridad a sus usuarios, pero que también puede llegar a ser ""peligroso"". 











En Xataka México

Cómo hacer una copia de seguridad en la nube de las conversaciones de WhatsApp



Vamos por partes. Lo primero es el reporte de WABetaInfo que revela que la versión beta 2.21.15.5 de WhatsApp para Android habilita las copias de seguridad en la nube encriptadas. La diferencia con las copias de seguridad actuales es que este nuevo método cifra todo el historial de conversaciones e incluso contenido multimedia para que nadie pueda acceder a la información. El único método para acceder es con la contraseña en posesión del dueño de la cuenta.
 


    
La contraseña puede ser creada por el usuario o también se puede elegir una llave de encriptación de 64 caracteres, números y letras de la 'a' a la 'f', y solo estos métodos harán posible el acceso a la información cifrada. Y aquí está el detalle que puede llegar a ser ""peligroso"".  

Tal y como la propia app advierte, si se pierde la contraseña o llave de encriptación, el acceso a la copia de seguridad no será posible, ya que ninguna se comparte con WhatsApp, Facebook ni alguna otra plataforma.  Es única responsabilidad del usuario su resguardo. 

    
Entonces, antes de activar las copias de seguridad encriptadas, el usuario debe entender que en caso de perder la contraseña o llave de encriptación no podrá restaurar su copia de seguridad. Ni siquiera WhatsApp podrá ayudar a la restauración.

La principal ventaja de las copias de seguridad en la nube encriptadas es que, al igual que sucede con los mensajes cifrados de extremo-a-extremo, absolutamente nadie puede acceder al contenido. En cambio, con las copias de seguridad actuales de Drive y iCloud, las autoridades pueden revisarlas en caso de ser necesario, con la correspondiente orden de registro. 

Esta prueba beta adelanta que las copias de seguridad encriptadas podrían llegar pronto a todos los usuarios en la versión final del mensajero. Sin embargo, por el momento no hay detalles y solo queda estar al pendiente de las novedades de WhatsApp.















    Compartir
    
           WhatsAp para Android prueba copias de seguridad en la nube encriptadas: un mayor nivel de seguridad, pero que puede ser ""peligroso""
         


Facebook
Twitter
Flipboard
E-mail



Temas

Aplicaciones


Aplicaciones Android
WhatsApp
mensajería instantánea




","
         WhatsAp para Android prueba copias de seguridad en la nube encriptadas: un mayor nivel de seguridad, pero que puede ser ""peligroso""   "
"

Los teclados de las computadoras portátiles están perfectamente optimizados para el trabajo móvil, pero no siempre son la opción más cómoda. Aquí entran los teclados mecánicos que conocemos, pero que al ser un periférico extra, no todos están dispuestos a llevar junto con su laptop. Epomaker quiere solucionar este problema con su nuevo teclado mecánico inalámbrico.











En Xataka México

Teclados mecánicos: qué son, qué diferencias tienen con uno tradicional y cómo te pueden ayudar si estudias o trabajas desde casa



El Epomaker NT68 es el teclado mecánico Bluetooth que quiere sustituir el teclado de tu laptop. Tiene un tamaño compacto (exactamente de 65%), pero lo más importante es su ""soporte invisible"" que le permite colocarse exactamente sobre el teclado de las computadoras portátiles. Este soporte es magnético, por lo cual se adhiere al cuerpo de las computadoras y esto evita que se mueva.
 


    
El soporte puede ajustar su altura, de 6 a 15.5 grados, para una mejor experiencia de tecleo con las computadoras portátiles. Además, al ser Bluetooth también puede ser usado con otros dispositivos, para lo cual tiene tres soportes para apoyar smartphones o tablets, ya que puede ser sincronizado con hasta tres dispositivos al mismo tiempo. 

Finalmente, el soporte también puede ser usado como funda de transporte, gracias a los imanes que la asegura alrededor del teclado. 

    
El Epomaker NT68 es compatible con Windows y Mac, así como iOS y Android, es completamente configurable y también puede conectarse alámbricamente gracias a su puerto USB-C, mismo que se utiliza para la carga. En modo inalámbrico, su batería de 1,900 mAh ofrece una autonomía de entre 2 y 5 semanas con una sola carga, según el fabricante, dependiendo del tipo de uso. 

Como ya mencionamos, este teclado es de formato 65%, es decir que tiene 68 teclas, eliminando las teclas de función, es hot-swappable, es decir que permite el cambio de switches sin necesidad de desoldar y soldar, y estará disponible en una amplia variedad de switches Gateron y Chocolate, marca propia de Epomaker, suu cuerpo es de una combinación de plástico ABS y aluminio.

    









En Xataka México

Diseñé un teclado mecánico en México, lo puse a la venta a nivel internacional y se agotó en 23 horas: la historia del smAllice



Epomaker aún no ha anunciado fecha de disponibilidad ni precio del NT68, pero ha abierto un registro en su sitio web para recibir novedades de su nuevo teclado cuando sea lanzado. 

Como entusiasta de los teclados mecánicos que en ocasiones ha cargado algún teclado para trabajar fuera en la laptop, las posibilidades que ofrece el Epomaker NT68 se ven muy atractivas. 















    Compartir
    
           Epomaker NT68: este teclado mecánico Bluetooth quiere sustituir el teclado de tu laptop con su ""soporte invisible""
         


Facebook
Twitter
Flipboard
E-mail



Temas

Ordenadores


teclado
Teclado Bluetooth




","
         Epomaker NT68: este teclado mecánico Bluetooth quiere sustituir el teclado de tu laptop con su ""soporte invisible""   "
"

Tesla ha lanzado la suscripción para el servicio de conducción completamente autónoma de sus autos por 199 dólares al mes. Anteriormente esta capacidad solo se podía adquirir al comprar el auto, por 10,000 dólares extra. 


Con esta suscripción los Tesla recibirán el software avanzado de asistencia de manejo ""Capacidad de conducción autónoma total"" que, como su nombre indica, permite la conducción completa sin intervención del pasajero, con acciones como el cambio de carril en autopistas y asistencia para estacionar. Esta es una manera de Tesla para generar ingresos adicionales, al permitir a sus usuarios acceder a estas características avanzadas sin pagar una cantidad considerable como lo son 10,000 dólares al momento de la compra del auto, 
 


Sin embargo, tesla deja en claro que este software ""no hace a sus vehículos autónomos"" ya que ""requieren completa atención del conductor, quien debe tener sus manos en el volante"". De manera introducción la suscripción para el sistema de conducción autónoma total solo está disponible para autos Tesla elegibles en Estados Unidos, y los usuarios solo deben revisar su app para obtenerla. En otras regiones se deberán esperar por detalles de disponibilidad. 

    
Es importante mencionar que solo los autos Tesla equipados con computadora de conducción autónoma completa 3.0 o superior pueden acceder a la suscripción para el software. Aquellos que no cuenten con este sistema, podrán hacer la actualización de hardware por 1,500 dólares. 

Este lanzamiento de la nueva suscripción llega tan solo una semana después de la nueva beta v9 que muestra ""la mente del auto"" y además habilita una versión previa del sistema de manejo autónomo. 

Recientemente Elon Musk aceptó que los autos autónomos son un ""problema difícil"" y subestimó la complejidad del desarrollo de un sistema completamente funcional, razón por la cual no se cumplió su predicción de que en 2020 habría ""más de un millón de coches con software, todos sin conductor"". Evidentemente esta situación no se ha cumplido y, viendo la situación de desarrollo actual, aún falta mucho para que se cumpla. 















    Compartir
    
           Tesla lanza suscripción para la conducción autónoma total: 199 dólares al mes para que los Tesla ""manejen por si solos""
         


Facebook
Twitter
Flipboard
E-mail



Temas

Vehiculos


Tesla
Conducción autónoma




","
         Tesla lanza suscripción para la conducción autónoma total: 199 dólares al mes para que los Tesla ""manejen por si solos""   "
"

Xiaomi ha superado a Apple y es el segundo fabricante de smartphones del mundo, según Canalys. La firma de análisis publicó su reporte del segundo trimestre de 2021 y reveló un importante crecimiento de la cuota de mercado de Xiaomi, lo suficiente para superar a Apple.


Según las cifras de Canalys, Xiaomi tuvo un enorme crecimiento anual de 83%, lo que a su vez lo llevó a ocupar 17% del mercado mundial de smartphones. Con esta cifra supera el 14% de cuota de mercado alcanzado por Apple, empresa cuyo crecimiento anual fue de apenas 1%. 
 


De esta manera, Xiaomi superó por primera vez en su historia a Apple y se posiciona como el segundo fabricante de smartphones con más cuota de mercado de smartphones enviados durante el segundo trimestre del 2021. Este último detalle es importante pues posteriormente las cifras pueden cambiar, con el lanzamiento de nuevos dispositivos. Xiaomi celebró este logro con un tuit agradeciendo a sus Mi Fans el apoyo que han brindado a la compañía. 

We've moved up one more spot! Just in from @Canalys, we are now the 2nd largest smartphone brand worldwide in terms of shipments. This amazing milestone couldn't have been achieved without our beloved Mi Fans! #NoMiWithoutYouRT with ✌️from your Xiaomi smartphone :) pic.twitter.com/kKfuTK8K7J— Xiaomi (@Xiaomi) July 15, 2021 

Por otro lado, Samsung se mantiene a la cabeza del mercado con 19% de cuota, y crecimiento anual de 15%. Sin embargo, es importante notar que la brecha entre Samsung y Xiaomi es cada vez más pequeña. @UniverseIce, conocido filtrador, se atreve a predecir que si Samsung no cambia su estrategia, podría ser superado por Xiaomi y otros fabricantes chinos en los próximos diez trimestres, es decir dos años y medio. 

Finalmente, OPPO y vivo cierran el podio de los cinco fabricantes más grandes del mundo, cada uno con 10% de cuota de mercado y crecimientos de 28% y 27%, respectivamente. Este par de fabricante han mantenido crecimientos constantes durante los últimos trimestres, y amenazan peligrosamente las posiciones de la tabla. Además, ambas compañías han expandido su presencia en el mundo, vivo en México, así que es de esperar que muestren mejores resultados en próximos trimestres.

Sin embargo, tanto OPPO como vivo tienen mucho trabajo por delante para competir con Xiaomi en Latinoamérica. Según Canalys, Xiaomi incrementó los envíos de sus smartphones en la región en más de 300%, pero en contraste su precio de venta promedio es mucho más bajo comparado con Samsung y Apple, 40% y 75% respectivamente. 















    Compartir
    
           Xiaomi supera a Apple: es el segundo fabricante de smartphones más grande del mundo, solo detrás de Samsung, según Canalys
         


Facebook
Twitter
Flipboard
E-mail



Temas

Celulares y Smartphones


Samsung
Apple
Xiaomi




","
         Xiaomi supera a Apple: es el segundo fabricante de smartphones más grande del mundo, solo detrás de Samsung, según Canalys   "
"

Hay muchas opciones de teclados en el mercado, pero la pregunta siempre es, ¿de membrana o mecánico? Se sabe que aunque sea uno de gama baja, un teclado mecánico siempre tendrá un mejor desempeño para diferentes actividades.

Esta opción de la marca Fiodio cuesta apenas 506 pesos. No será quizá el más moderno ni el de mejor calidad, peor es una buena oportunidad para probar este tipo de escritura y a un costo muy bajo.
 









Teclado mecánico Fiodio con RGB , 104 teclas anti-ghosting, switches negros y cuerpo metálico


PVP en Amazon México $506.61








Se trata de un producto importado desde Estados Unidos y cuenta con los beneficios de Amazon Prime, así que los usuarios con esta suscripción no tienen que pagar envío y el tiempo de entrega es de entre seis y nueve días desde que se manda. Debido a su bajo costo, tampoco hay que pagar una tarifa de importación.

El cuerpo de este teclado está hecho de metal y plástico ABS, tiene switches de color negro que son de los más básicos y el reposa muñecas que incluye se adhiere de forma magnética. Cuenta con 19 modos diferentes de iluminación y podemos personalizar tres más a nuestro gusto.












        En Xataka México Selección publicamos las mejores ofertas en tecnología, videojuegos, coleccionables y demás categorías que estén en descuento en distintas tiendas en línea de México. El precio y disponibilidad del producto están sujetos a cambios sin previo aviso.
    

Algunos de los enlaces de esta publicación pueden pertenecer a un programa de afiliados. Ninguno de los artículos mencionados han sido propuestos ni por las marcas ni por las tiendas, siendo su introducción una decisión única del equipo de editores.
 




    Compartir
    
           Este teclado mecánico tiene 19 diferentes modos de iluminación RGB y cuerpo metálico: de oferta en Amazon México por 506 pesos
         


Facebook
Twitter
Flipboard
E-mail



Temas

Periféricos
Selección


Descuento
Ofertas
Amazon México
teclado mecánico
RGB
PC Gaming




","
         Este teclado mecánico tiene 19 diferentes modos de iluminación RGB y cuerpo metálico: de oferta en Amazon México por 506 pesos   "
"

El reconocido como tercer repunte de casos de COVID-19 arrojó nuevamente más de 12,000 contagios por segundo día consecutivo, en lo que las gráficas dejan ver como una alza que no se estabiliza. Con los aumentos de los últimos días, la semana epidemiológica actual, la 28, ya acumula más casos que los de la peor semana de la primera ola, cuando en julio de 2020 México enfrentó su peor momento de la epidemia hasta el momento. 


El incremento desenfrenado
En aquel entonces, los confirmados de la semana 29 fueron 49,541 casos. En la semana epidemiológica 28 que comenzó el pasado domingo se han confirmado más de 61,000 casos, según se registra en los reportes técnicos diarios de Secretaría de Salud. 
 











El pasado sábado, al final de la semana epidemiológica anterior, los casos totales en México eran 2,567,821 casos. El nuevo reporte técnico diario del 15 de julio reporta 2,629,648 casos. La diferencia es de 61,827 nuevos casos, todavía con dos días pendientes de la semana epidemiológica. 

Ciudad de México encabeza el número de casos activos, con 25,704 casos. Le siguen México con 6,513; 3,669 con Sinaloa; Veracruz con 3,154 casos y Jalisco con 2,926 casos.

    
Pese al repunte, ya superior en números al de julio del 2020, la vacunación no ha sido en vano. En la semana 29 del 2020 se registraron 5,716 defunciones, pero en la actual semana se han registrado 1,282 defunciones, menos de un cuarto de las de hace un año, con todo y que el incremento de casos en los cinco días de esta semana respecto a toda la semana 29 del 2020 es ya del 25%. 

En México cuatro de cada 10 personas mayores de 18 años han recibido al menos una dosis de la vacuna contra COVID-19, lo que equivale a 36.2 millones de personas
La tercera ola no tiene, por ahora, los números de la segunda ola que ocurrió en enero, cuando los casos confirmados se dispararon hasta los 108,000 en la primera semana del año. No obstante, es de notar que en la semana 26 los confirmados fueron 40,869, así que en solo 12 días ha habido un incremento del 51%. Si el ritmo de nuevos contagios no cesa, México podría llegar nuevamente a los 100,000 casos en solo un par de semanas. 















    Compartir
    
           La tercera ola de COVID en México ya generó 61,000 nuevos casos en cinco días, más que en la peor semana de la primera ola
         


Facebook
Twitter
Flipboard
E-mail



Temas

Medicina y Salud


Coronavirus
Coronavirus en México




","
         La tercera ola de COVID en México ya generó 61,000 nuevos casos en cinco días, más que en la peor semana de la primera ola   "
"

Electronic Arts también decidió formar parte de la “tendencia” de adquirir estudios y en febrero compraron Codemasters con todas sus franquicias para añadir sus títulos de conducción a su enorme catálogo de juegos deportivos.

‘F1 2021’ llega de la mano de una nueva temporada de la Fórmula 1, con unas expectativas altas después de la entrega del año pasado, demostrando que no solo era un juego muy digno para la marca, sino uno de los grandes simuladores de los últimos años. 
 











Tuvimos la oportunidad de jugarlo, disfrutarlo y notar que ‘F1 2021’ es una experiencia que se debe conocer.

Una historia para contar
Iniciamos con la novedad principal, se trata de Braking Point, un modo historia protagonizado por Aiden Jackson, la gran ""promesa"" del automovilismo mundial, donde iniciaremos en su carrera final en la F2 antes de dar el gran salto al máximo circuito.

    
La trama no nos presenta ninguna novedad, la clásica historia del novato que deberá superar muchos obstáculos antes de lograr ser el referente de la Fórmula 1, eso significa tener conflictos con su compañero de equipo, provocar errores grandes, hasta robar los reflectores a las grandes figuras.

Tendremos muchos cinemas y en general la intención es buena, pero siempre los sentimos largos y con mucho relleno, también podremos consultar redes sociales, correos y hasta responder llamadas después de cada carrera, pero creemos que rompe en su totalidad la interacción.

Lo interesante del modo viene en la propuesta que nos ofrece, ya que no tendremos que enfrentar todas las carreras del modo historia, solo algunos fragmentos donde deberemos cumplir algunos objetivos para que la trama pueda seguir avanzando. Eso lo convierte en una especie de tutorial disfrazado, ideal para los que comienzan y todavía no conocen la infinidad de opciones.

    
Al debutar con un modo historia, las sensaciones generales son positivas, ya que existen muchos elementos para mejorar y que probablemente veamos en la edición de 2022. Lo único en lo que deben ajustar es en cómo cuentan la trama, los objetivos por carrera funcionan a la perfección.

Lo más interesante es que el modo historia nos puede ofrecer sin problema hasta ocho horas de juego.

Las físicas como los rivales a vencer
Los juegos de la saga se sienten diferentes a cualquier franquicia, por el tipo de competencia, circuitos y sobretodo físicas. Para la edición 2021 encontramos algunos cambios que se pueden considerar mínimos, pero que solicitarán una concentración total al conducir.

El ejemplo más claro es al tomar las curvas, si decidimos ""abrirnos"" un poco de la pista es probable que perdamos el control del auto, en ediciones anteriores esto no sucedía y permitía que algunos usuarios decidieran recortar parte de las curvas. Aquí ya no se podrá.

    
Este tipo de ajustes obliga a los usuarios a tomar las curvas lo más “realistas” posibles, por fortuna siempre podremos contar con la clásica guía que nos podrá indicar cuándo tenemos que dejar de pisar el acelerador.

Por otro lado, seguimos contando con infinidad de opciones que marcarán la estrategia de la carrera, saber cuándo solicitar la parada de pits o algo clave como el cambio de neumáticos, para hacer esas solicitudes no podremos dejar de avanzar. En esos puntos es donde el reto se hace fantástico, convirtiéndose en un simulador de la competencia.

Para amarrar, la inteligencia artificial de los rivales puede ser otro dolor de cabeza, realizando movimientos muy inteligentes para bloquear la entrada o en el caso de que nos quieran superar, nos presionaran para que provoquemos el mínimo error.

    
Suena muy complejo y en realidad lo es, por fortuna el estudio sabe que se tienen que adaptar a los diferentes usuarios, por ello crearon los estilos de conducción, contando con Casual, Estándar y Experto, donde se van añadiendo opciones en las dificultades más elevadas, mientras en los más sencillos aparecen los asistentes para dar mejor las curvas o para el frenado.

Un espacio para los expertos
Más allá de su modo historia, también seguirán los clásicos Mi Equipo y Piloto, pero con nuevos añadidos para los más exigentes. El más interesante sin duda es el sistema I+D con más opciones para personalizar a nuestro vehículo, como la posibilidad de simular los entrenamientos de manera automática, pero con un castigo en los puntos que recibiremos.

    
Lo mejor es que ahora sí podremos tener un compañero en la escudería con el modo dobles, donde un amigo en línea se podrá unir al equipo. Este añadido le da otro toque a la estrategia ya que deberemos pensar primero por el equipo y no necesariamente por llegar siempre en primer lugar.

Tocando el modo multijugador se mantienen los enfrentamientos en línea con diferentes variantes, pero pocas novedades. Tendremos el sistema de rango activo y el “clásico” pase de temporada con solamente elementos estéticos.

En general disputar una carrera en línea tiene su encanto ya que los rivales podrían ser más agresivos que la inteligencia artificial y sin duda le da frescura y muchas horas de juego.

El camino por la bandera a cuadros
Visualmente el juego no sufrió cambios visuales, se integró el ray tracing, pero increíblemente solo se encuentra habilitado en las repeticiones y expositores. Increíble que un título que destaca siempre por los detalles gráficos no apostó por novedades para aprovechar también la nueva generación de consolas.

Respecto al doblaje de la historia tenemos el audio en castellano, lamentamos que no se haya realizado un trabajo para nuestra región, le hubiera dado un toque más atractivo. En el caso del audio sigue siendo impactante la cantidad de sonido que tendremos en nuestro entorno y cómo funcionan a la perfección para detectar al rival.

‘F1 2021’ destaca en muchos aspectos, siendo exigente para los expertos y un poco accesible para los usuarios nuevos en la franquicia. Lo mejor es que logran escalar la experiencia para que te genere interés dar un salto a un nivel más alto.

    
Es importante recordar que los juegos de Fórmula 1 se sienten totalmente diferentes a cualquier franquicia, contando con elementos de la competencia real que hacen única la experiencia de juego y acompañados con la maestría de Codemaster, probablemente no pueden estar en un mejor lugar.








F1 2021 - Standard Edition - PlayStation 5


PVP en Amazon México $1,499.00








‘F1 2021’ es un título que ningún amante del automovilismo debe dejar pasar y menos si cuentan con un volante listo para invertir cientos de horas. El futuro de la franquicia es alentador.
 




    Compartir
    
           Probamos 'F1 2021': la joya de conducción de Codemaster llega a EA con modo historia y unas físicas sorprendentes
         


Facebook
Twitter
Flipboard
E-mail



Temas

Videojuegos
Análisis


Electronics Arts




",
"

Los números del tercer repunte siguen subiendo, así que CDMX está acelerando la vacunación y entre el 18 y el 26 de julio se vacunará a casi un millón de adultos entre 30 y 39 años de nueve alcaldías, es decir, todas las restantes que todavía no recibían primera dosis en ese grupo de edad. 


La meta es llegar a 914,180 personas en las alcaldías Tláhuac, Miguel Hidalgo, Azcapotzalco, Benito Juárez, Coyoacán, Gustavo A. Madero, Venustiano Carranza, Álvaro Obregón y Tlalpan. Será la jornada más intensa de vacunación hasta ahora pues además se completarán segundas dosis de todos los adultos de 50 a 59 años, al vacunar a 130,134 adultos de 50 a 59 años en Álvaro Obregón e Iztacalco. 
 











Hasta ahora se ha vacunado a personas de 30 a 39 años de Cuajimalpa, Magdalena Contreras, Milpa Alta, Cuauhtémoc, Xochimilco, Iztapalapa e Iztacalco
    
Los detalles todavía no fueron revelados. No será sino hasta mañana, sábado 17 de julio, cuando se dé a conocer el plan de vacunación completo para la próxima semana. Lo que sí se sabe es que mientras que en Tlalpan se aplicará AstraZeneca, en las otras ocho alcaldías se aplicarán dosis de Sputnik V. El día de mañana se darán a conocer las sedes y los calendarios por primera letra de apellido. 

Para las personas mayores de 30 años que perdieron su turno para vacunarse en su alcaldía, a partir del 20 de julio pueden acudir a cualquier sede de vacunación que esté aplicando primera dosis para conseguir su vacuna. 

Se reanudan pruebas en centros comerciales
A propósito del repunte de casos se está reanudando el programa de pruebas en centros comerciales a partir del 20 de julio. Los centros comerciales participantes son Parque Tezontle, Las Antenas, Perisur, Parque Viavallejo, Centro Santa Fe, Zentralia Churubusco, Chedraui Aragón, Chedraui Universidad y Chedraui Tenayuca. El horario será de martes a domingo de 11 de la mañana a tres de la tarde. En todas las plazas enlistadas habrá personal del IMSS para toma de muestras. 

El gobierno de la ciudad siguió haciendo llamado a usar cubrebocas dada la presencia de nuevas variantes que son más contagiosas. También recordó que la protección mas completa de la vacuna está disponible hasta 15 días después de la aplicación de la segunda dosis. 















    Compartir
    
           CDMX vacunará contra COVID a casi un millón de personas de 30 a 39 años en Tláhuac, Tlalpan, Coyoacán, y otras cinco alcaldías
         


Facebook
Twitter
Flipboard
E-mail



Temas

Medicina y Salud


Coronavirus
Coronavirus en México




","
         CDMX vacunará contra COVID a casi un millón de personas de 30 a 39 años en Tláhuac, Tlalpan, Coyoacán, y otras cinco alcaldías   "
"

En una encuesta realizada por Ford, uno de cada cinco conductores dijo que el olor a gasolina es lo que más extrañarían al cambiar a un vehículo eléctrico, mientras que casi el 70% afirmó que extrañaría el olor a gasolina hasta cierto punto. Para todos ellos, Ford creo Mach-Eau, una fragancia que no huele a gasolina, pero sí busca evocar a las personas hacia esas sensaciones que les causaba el olor al combustible.

Esta fragancia fusiona acordes ahumados, aspectos de goma e incluso un cierto aroma ""animal"" que haría referencia al Mustang clásico, de acuerdo con Ford. El perfume fue presentado en el Goodwood Festival of Speed, un evento anual en Reino Unido que reúne a  los aficionados del petróleo de todo el mundo.
 


Sin embargo, por ahora, la fragancia no está a la venta, y más bien forma parte de la misión en curso de Ford de ayudar a disipar los mitos en torno a los vehículos eléctricos y convencer a los entusiastas de los autos a combustión del potencial de eléctricos como el Mustang Mach-E GT.

Ante estas dudas, Jay Ward, director de Comunicaciones de productos de Ford Europa comentó:
""A juzgar por los resultados de nuestra encuesta, el atractivo sensorial de los coches de gasolina sigue siendo algo que los conductores son reacios a abandonar. La fragancia Mach Eau está diseñada para darles un toque de esa fragancia a combustible que todavía anhelan. Debería durar el tiempo suficiente para que el rendimiento del GT haga que cualquier otra duda también se evapore"".
Con toques de olor a neumático, gasolina y lavanda
Mach-Eau fue creada en colaboración con Olfiction,  consultora de fragancias, y en específico por su co-fundadora Pia Long, quien comenzó por investigar los productos químicos que se emiten en el interior de los automóviles, los motores y la gasolina.








Dentro de estos ingredientes estaban el benzaldehído, aroma parecido a las almendras que se desprende del interior de los autos, y el paracresol, que es clave para crear el olor gomoso de los neumáticos. Ambos se mezclaron con ingredientes como jengibre azul, lavanda, geranio y sándalo que agregaron acentos metálicos, ahumados y a goma.

El Mustang Mach-E GT es la versión más poderosa del eléctrico de Ford, pues con sus 480 caballos de fuerza alcanza una aceleración de 0 a 100 km/h en sólo 3.7 segundos, además, recorrerá hasta 435 kilómetros con una sola carga. El Mach-E GT ya está disponible como pedido anticipado en Estados Unidos con un precio inicial de 59,900 dólares.















    Compartir
    
           Mach Eau: Ford creo una fragancia para que los amantes de los motores a combustión no extrañen el olor a gasolina en un eléctrico 
         


Facebook
Twitter
Flipboard
E-mail



Temas

Automóvil


Auto Eléctrico
Ford
Ford Mach-E
olor a gasolina




","
         Mach Eau: Ford creo una fragancia para que los amantes de los motores a combustión no extrañen el olor a gasolina en un eléctrico    "
"

Volkswagen tiene preparados los lanzamientos de más eléctricos que complementen su gama rumbo a un nuevo futuro. Uno de ellos ya fue anunciado por Herbert Diess, CEO de la empresa, y fue llamado ID. 8, el cual será el SUV más grande de su oferta.

De acuerdo con el documento que compartió Diess en Linkedin, el ID. 8 tendría el tamaño del Atlas, por lo que sería su variante eléctrica. El Atlas, llamado Teramont en México, es un SUV de 5 metros de largo.
 









Este es el Volkswagen Atlas (Teramont en México), tamaño del que probablemente será el ID. 8



Este modelo encabezará la línea actual eléctrica de Volkswagen que ya incluye el ID. 3 (del tamaño de un Golf), el SUV ID.4 y el ID. 6, que es actualmente el modelo eléctrico más grande de VW pero está sólo disponible en China. El ID. 8, posiblemente con tres filas de asientos, será una alternativa al Model X de Tesla y los próximos modelos BMW iX y Audi e-Tron.

Como probablemente será el sucesor del Atlas, la plataforma en la que podría construirse sería la MEB de Volkswagen, sin embargo, por ahora no hay más detalles sobre el nuevo eléctrico.

Diess también reveló que habrá un ID. 6 que llegará al segmento del Passat, sin embargo, no quedó claro si sólo será para el mercado chino. El próximo ID. 8 forma parte de la nueva estrategia comercial ""New Auto"" de VW con la que planea que las ventas de eléctricos sean el 50% del total para 2030.















    Compartir
    
           Volkswagen ID. 8: un nuevo SUV eléctrico está en camino y será el más grande de la línea con hasta 5 metros de largo 
         


Facebook
Twitter
Flipboard
E-mail



Temas

Automóvil


Volkswagen
Auto Eléctrico




","
         Volkswagen ID. 8: un nuevo SUV eléctrico está en camino y será el más grande de la línea con hasta 5 metros de largo    "
"

Walmart de México y Centroamérica presentó el día de hoy Scan & Go, una herramienta diseñada para la aplicación de Sam’s Club para aquellos usuarios que quieran pagar directamente desde su smartphone al acudir a una de las tiendas que tienen en todo el país.

La herramienta se incorpora directamente en la aplicación de Sam’s Club de iOS y Android y la manera en que funciona es muy sencilla, lo único que se necesita es ingresar a Scan & Go para que se active la cámara del smartphone para capturar el código de barras de los productos. 
 












“Scan & Go llega a México en el marco del 30 Aniversario de Sam’s Club en el país, como parte de la estrategia de innovación continua para ofrecer soluciones cada vez más ágiles para los socios.”

Cuando la aplicación detecte el código arrojará el tipo de producto y el precio actual. Al seleccionar todos los productos deseados de la tienda, solamente se deberá seleccionar “Finalizar compra” para realizar el pago desde el smartphone.

    
Al completar el pago la aplicación mostrará un código que se tendrá que mostrar con la persona encargada de verificar los productos antes de la salida. No es necesario pasar por ninguna caja.

Scan & Go tiene más de tres años en Estados Unidos y fue diseñado como una herramienta para mejorar la experiencia de compra de los usuarios. En el caso de México señalan que la opción es ideal para agilizar el proceso de compra y reducir el contacto con otras personas para fortalecer las medidas de sana distancia.

Recordemos que hace poco Walmart también lanzó un servicio de suscripción para tener envíos gratis en todos los pedidos realizados en la modalidad ""Mismo día"".
 




    Compartir
    
           Sam’s Club ya permite en México escanear los productos con su app y pagar directamente desde el smartphone para evitar las cajas
         


Facebook
Twitter
Flipboard
E-mail



Temas

Comercio Electrónico


Walmart




","
         Sam’s Club ya permite en México escanear los productos con su app y pagar directamente desde el smartphone para evitar las cajas   "
"

La postura de Facebook ha sido tajante desde hace tiempo: la red social no es árbitro de la verdad, a decir de Mark Zuckerberg, y aunque ha tomado algunas medidas en contra de posts que abiertamente difunden fake news en torno a la vacunación contra COVID-19, como por ejemplo minimizar el alcance, la red social podría estar haciendo más, a decir del presidente de Estados Unidos, Joseph Biden. 











Cuestionado sobre el papel de plataformas como Facebook, Biden dijo enfáticamente que ""están matando personas"" al dejar que pulule información falsa sobre los procesos de vacunación y, en general, sobre la pandemia global.
 


La declaración es retomada por CNBC, a solo un día de que la secretaria de prensa de la Casa Blanca, Jen Psaki, dijera que el gobierno estadounidense está preocupado por ""publicaciones problemáticas"" en Facebook que desinforman. La preocupación es tal que el gobierno de Estados Unidos ha propuesto algunos cambios a plataformas de redes sociales, no únicamente a Facebook, aunque Psaki no dijo a cuáles más. 

    
Las propuestas a redes sociales
Una de las propuestas es que las redes hagan un registro constante y permanente sobre los impactos de la desinformación que pulula en las plataformas. ""Facebook debería proveer de datos públicos y transparentes sobre el alcance de la desinformación en torno al COVID-19 y a las vacunas contra COVID-19"", dijo Psaki. La red social además debe ser más rápida para eliminar publicaciones violentas y dañinas que, a decir de Psaki, en algunas ocasiones permanecen en línea por días. 

Otra de las propuestas que se está haciendo a Facebook es que el algoritmo privilegie la información de calidad proveniente de fuentes confiables, por encima de otros contenidos que provienen de fuentes no reconocidas. En este caso, Psaki asegura que Facebook ha decidido no usar estas herramientas en la difusión de contenido de utilidad sobre la pandemia. 

Este es el nuevo capítulo en una relación tensa entre Biden y las grandes tecnológicas. El nuevo gobierno estadounidense ha sido impulsor del nuevo impuesto global a grandes corporaciones tecnológicas, y más recientemente ha suscrito una política que supervise las grandes adquisiciones que las empresas hacen, pues según el gobierno tienen el potencial de mermar la innovación y afectar la competencia. Incluso la nueva administración estadounidense se ha mostrado a favor de una nueva política de acumulación de datos para vigilar la cantidad de datos personales que las tecnológicas tienen sobre sus usuarios y los usos que les dan. 

    
Entre las acciones de Facebook en torno a la pandemia ha estado una notificación masiva para promover la vacunación, con enlace a la página oficial de COVID-19 en México. En febrero pasado también la red social anunció una campaña global contra la información incorrecta y advirtió que incluso eliminaría publicaciones de usuarios con aseveraciones falsas sobre vacunas. 

En México, el congreso en su pasada legislatura comenzó a analizar una regulación a redes sociales que tuviera como fin último ""garantizar la libertad de expresión"", e incluso la secretaria de gobernación, Olga Sánchez Cordero, dijo que el gobierno federal había pedido ya un estudio a la Unidad de Normatividad de Medios para saber cómo se ha regulado a redes en otros países. En aquel entonces, a pregunta expresa de Xataka México, el encargado de políticas públicas de Twitter México, Hugo Rodríguez, dijo no estar al tanto de una iniciativa similar en el congreso. 

Facebook ha sido contactado para conocer su postura sobre lo dicho por el presidente Biden. Cuando tengamos su comentario actualizaremos este texto. 















    Compartir
    
           Redes como Facebook ""están matando gente"" al no eliminar desinformación sobre vacunas contra COVID, según presidente de Estados Unidos
         


Facebook
Twitter
Flipboard
E-mail



Temas

Aplicaciones
Legislación y Derechos


Facebook
Twitter
Coronavirus
Coronavirus en México




","
         Redes como Facebook ""están matando gente"" al no eliminar desinformación sobre vacunas contra COVID, según presidente de Estados Unidos   "
"

Hoy es un buen día para ser un seguidor de 'The Legend of Zelda', una de las saga más emblemáticas de Nintendo. Esto porque desde hoy 'The Legend of Zelda: Skyward Sword HD, un amiibo de Zelda y también una edición limitada de los Joy-Con de Nintendo Switch se pusieron a la venta.

Incluso ya inició la preventa del Game & Watch edición limitada de esta serie. Pero sin duda uno de los productos más buscados son este par de controles que han estado muy escasos.
 









The Legend of Zelda: Skyward Sword HD ya disponible


PVP en Amazon México $1,289.00


PVP en Elektra $1,399.00PVP en Bodega Aurrera $1,488.00PVP en Walmart $1,488.00PVP en Coppel $1,699.00






Durante la madrugada pudimos avisar a nuestros seguidores de Twitter y Facebook que hubo nuevas unidades disponibles en Amazon México por 2,299 pesos, pero estos duraron muy poco tiempo. En una publicación que hicimos hace unos meses pueden aprender a utilizar Keepa para rastrear la disponibilidad de productos en esta tienda.

Revisamos otras opciones en México como Walmart y GamePlanet que al parecer ya dieron de baja el sitio de estos Joy-Con después de haber terminado con su inventario. En otras como Sam's Club y Soriana no están listados y en El Palacio de Hierro y Sanborns ya se agotaron.










Donde sí encontramos disponibilidad fue en Coppel aunque aquí están más caros, pues tienen un precio de 2,799 pesos y envío gratis. En MixUp están por 2,299 pesos y también con envío gratis. Mientras tanto en Liverpool se puede conseguir por 2,549 pesos, y sí, tampoco hay que pagar envío.

Una opción más económica es en Sears que en estos momentos los tienen en 2,139 pesos y sin costo de envío. Si nos metemos a Claro Shop, podemos encontrarlos vendidos también por Sears y por Sanborns al mismo precio y se puede pagar con cargo a tu recibo de Telmex.

Finalmente también está la opción de comprarlos en eBay, donde encontramos un vendedor con calificación ""excelente"" y que ya con envío estarían costando cerca de 2,600 pesos. Mercado Libre por ahora no nos parece una buena opción, y que el precio más bajo que encontramos con un buen vendedor fue de 3,500 pesos.

    
Podemos ver que en este caso tenemos dos tonalidades de azul y en ambos hay algunos detalles alusivos al juego en dorado, además de que tenemos el emblema de la cresta de la diosa en el control izquierdo y la trifuerza en el derecho.

Los sujetadores de estos Joy-Con vienen en color blanco y el cordón también es de tonalidades azules. Con la transmisión del Nintendo Direct en E3 2021 muchos juegos se unieron también a la sección de preventa, además de que desde antes tres entregas de Pokémon que saldrán en 2021 y 2022 y se podían apartar.












        En Xataka México Selección publicamos las mejores ofertas en tecnología, videojuegos, coleccionables y demás categorías que estén en descuento en distintas tiendas en línea de México. El precio y disponibilidad del producto están sujetos a cambios sin previo aviso.
    

Algunos de los enlaces de esta publicación pueden pertenecer a un programa de afiliados. Ninguno de los artículos mencionados han sido propuestos ni por las marcas ni por las tiendas, siendo su introducción una decisión única del equipo de editores.
 




    Compartir
    
           Los Joy-Con de 'The Legend of Zelda: Skyward Sword HD' llegan a México: cuánto cuestan y dónde comprarlos
         


Facebook
Twitter
Flipboard
E-mail



Temas

Videojuegos
Selección


Zelda Skyward Sword
Amazon México
Nintendo Switch
Guía de compras




","
         Los Joy-Con de 'The Legend of Zelda: Skyward Sword HD' llegan a México: cuánto cuestan y dónde comprarlos   "
